Product URL,Product Name,Product Price,Rating,Number of reviews
https://www.amazon.in/Shoulder-Lightweight-Duffle-Weekend-Blue-Orange/dp/B09139DYF1/ref=sr_1_308?crid=2M096C61O4MLT&keywords=bags&qid=1675244746&sprefix=ba%2Caps%2C283&sr=8-308,AURION Polyester 24 Cms Gym Bag(Vista-Blue-Orange_Blue),₹ 399,4.1 out of 5 stars,976 ratings
https://www.amazon.in/Safari-Casual-Backpack-Charging-Resistant/dp/B09B2581S9/ref=sr_1_307?crid=2M096C61O4MLT&keywords=bags&qid=1675244746&sprefix=ba%2Caps%2C283&sr=8-307,"Safari Sneak Casual Backpack with USB Charging Port 26 Ltrs Water Resistant Fabric - Grey, L (SNEAK19CBGRE)",₹ 899,3.7 out of 5 stars,762 ratings
https://www.amazon.in/Harissons-Super-EG-Laptop-Backpack/dp/B075V1WJ5M/ref=sr_1_308?crid=2M096C61O4MLT&keywords=bags&qid=1675244760&sprefix=ba%2Caps%2C283&sr=8-308,Harissons Bags Super EG 34Ltrs Polyester 15.6 inch Laptop Backpacks for Men and Women (Black Navy Blue Green),₹ 991,3.8 out of 5 stars,72 ratings
https://www.amazon.in/Kuber-Industries-Embroidery-Occasions-HS_38_KUBMART21477/dp/B095C9DPDM/ref=sr_1_307?crid=2M096C61O4MLT&keywords=bags&qid=1675244760&sprefix=ba%2Caps%2C283&sr=8-307,"Kuber Industries Embroidery Small Hand Bag, Tote Bag, Purse For Daily Trips, Travel, Office & All Occasions For Women & Girls (Gold)-HS_38_KUBMART21477",₹ 149,3.7 out of 5 stars,49 ratings
https://www.amazon.in/Backpack-15-6inch-Resistant-Anti-Theft-Charging/dp/B07TW713SC/ref=sr_1_306?crid=2M096C61O4MLT&keywords=bags&qid=1675244760&sprefix=ba%2Caps%2C283&sr=8-306,"Arctic Hunter Backpack, 15.6 Inch Laptop Bag for Men Business Backpack for Office Travel College 28L Water Resistant Anti-Theft Laptop Backpack with USB Charging Port for Men and Women, Black","₹ 2,374",4.1 out of 5 stars,271 ratings
https://www.amazon.in/N-K-Waterproof-Backpack-College-Students/dp/B09VTJBJHV/ref=sr_1_305?crid=2M096C61O4MLT&keywords=bags&qid=1675244760&sprefix=ba%2Caps%2C283&sr=8-305,N.K 35 L Casual Waterproof Laptop Bag/Backpack for Men Women Boys Girls/Office School College Teens & Students with(BLUE),₹ 449,2.8 out of 5 stars,4 ratings
https://www.amazon.in/House-Quirk-Diaper-Maternity-Backpack/dp/B07T9PSCRB/ref=sr_1_304?crid=2M096C61O4MLT&keywords=bags&qid=1675244760&sprefix=ba%2Caps%2C283&sr=8-304,House of Quirk Baby Diaper Bag Maternity Backpack (Jeep Green),"₹ 1,399",4.3 out of 5 stars,"3,290 ratings"
https://www.amazon.in/Lino-Perros-Women-Colored-Backpack/dp/B084TPL24S/ref=sr_1_303?crid=2M096C61O4MLT&keywords=bags&qid=1675244760&sprefix=ba%2Caps%2C283&sr=8-303,Lino Perros Backpack,"₹ 1,469",4.4 out of 5 stars,173 ratings
https://www.amazon.in/Gear-Compact-Business-Backpack-BUSCOMPACT052/dp/B08D76WDTV/ref=sr_1_302?crid=2M096C61O4MLT&keywords=bags&qid=1675244760&sprefix=ba%2Caps%2C283&sr=8-302,Gear Compact Business 18L Water Resistant Laptop Bag/Backpack/Office Bag For Men/Women - Indiaink,₹ 774,4.2 out of 5 stars,"1,071 ratings"
https://www.amazon.in/Bellissa-Leather-Handbag-Women-Brown/dp/B07XP7XV36/ref=sr_1_301?crid=2M096C61O4MLT&keywords=bags&qid=1675244760&sprefix=ba%2Caps%2C283&sr=8-301,BELLISSA Purses and Handbags for Women Fashion Ladies PU Leather Top Handle Satchel Shoulder Stylish Bags,"₹ 1,334.11",4.3 out of 5 stars,218 ratings
https://www.amazon.in/Alice-3-Pieces-Backpack-Rucksack-Shoulder/dp/B0969M36GD/ref=sr_1_298?crid=2M096C61O4MLT&keywords=bags&qid=1675244760&sprefix=ba%2Caps%2C283&sr=8-298,Alice Bowknot 3-Pieces Fahsion Leather Backpack Backpack Purse for Women Rucksack for Ladies Shoulder Bag//Rakhi gift for Sister,₹ 549,3.6 out of 5 stars,207 ratings
https://www.amazon.in/AirCase-C25-Messenger-Shoulder-Compartments/dp/B07X6DV3VM/ref=sr_1_297?crid=2M096C61O4MLT&keywords=bags&qid=1675244760&sprefix=ba%2Caps%2C283&sr=8-297,"AirCase Office Messenger Sling Bag fits upto 15.6"" Laptop/Macbook, Detachable Shoulder Strap, Waterproof, Shockproof, Carry Handle with Spacious Pockets, For Men & Women",₹ 949,4.0 out of 5 stars,571 ratings
https://www.amazon.in/Gear-Alphamount-Trekking-Black-Yellow-RKSALPAMT0112/dp/B097KFYPCG/ref=sr_1_296?crid=2M096C61O4MLT&keywords=bags&qid=1675244760&sprefix=ba%2Caps%2C283&sr=8-296,"Gear Alphamount 45L Water Resistant Trekking Travel Rucksack for Men,Women - Black Yellow",₹ 849,4.0 out of 5 stars,316 ratings
https://www.amazon.in/Isle-Locada-Hidesign-Womens-Purple/dp/B07T97R1H1/ref=sr_1_295?crid=2M096C61O4MLT&keywords=bags&qid=1675244760&sprefix=ba%2Caps%2C283&sr=8-295,Isle Locada by Hidesign Women's SLING BAG(AUBERGINE/AUBERG),"₹ 1,599",4.5 out of 5 stars,340 ratings
https://www.amazon.in/uppercase-Backpack-1600EBP1-resistant-sustainable/dp/B0B68ZS5G1/ref=sr_1_294?crid=2M096C61O4MLT&keywords=bags&qid=1675244760&sprefix=ba%2Caps%2C283&sr=8-294,"uppercase Laptop Backpack 1600EBP Compact 3x more water repellent sustainable bags with rain proof zippers for Men, Women, Boys and Girls , 750 Days warranty",null,4.2 out of 5 stars,152 ratings
https://www.amazon.in/Backpack-Toddler-Animal-Cartoon-Butterfly/dp/B08D54HMS3/ref=sr_1_293?crid=2M096C61O4MLT&keywords=bags&qid=1675244760&sprefix=ba%2Caps%2C283&sr=8-293,blue tree 10 ltrs (30 Cms) backpack(INVALID DATA_multi color),₹ 278,3.9 out of 5 stars,192 ratings
https://www.amazon.in/uppercase-Backpack-1600EBP1-repellent-sustainable/dp/B0B5N9TY9C/ref=sr_1_292?crid=2M096C61O4MLT&keywords=bags&qid=1675244760&sprefix=ba%2Caps%2C283&sr=8-292,"uppercase Laptop Backpack 1600EBP Compact 3x more water repellent sustainable bags with rain proof zippers for Men, Women, Boys and Girls , 750 Days warranty",null,4.2 out of 5 stars,152 ratings
https://www.amazon.in/Arctic-Fox-Shutter-Topography-Camera/dp/B0835GMWBC/ref=sr_1_291?crid=2M096C61O4MLT&keywords=bags&qid=1675244760&sprefix=ba%2Caps%2C283&sr=8-291,Arctic Fox Sling Shutter Topography Camera Bag,"₹ 1,199",4.5 out of 5 stars,283 ratings
https://www.amazon.in/Lenovo-Laptop-Backpack-15-6-Inch-GX40Q17227/dp/B075Y6SRMG/ref=sr_1_292?crid=2M096C61O4MLT&keywords=bags&qid=1675244845&sprefix=ba%2Caps%2C283&sr=8-292,Lenovo Casual Laptop Backpack B210 39.62 cm (15.6) -inch Water Repellent Grey,₹ 922,4.2 out of 5 stars,"53,009 ratings"
https://www.amazon.in/AirCase-Messenger-13-Inch-14-Inch-MacBook/dp/B07WS6HTHY/ref=sr_1_291?crid=2M096C61O4MLT&keywords=bags&qid=1675244845&sprefix=ba%2Caps%2C283&sr=8-291,"AirCase C26 13.3 Inch/14 Inch Messenger Laptop Bag with Shoulder Strap, Water resistant, Handle and 2 Multi Utility Compartments (Black)",₹ 949,4.1 out of 5 stars,"2,560 ratings"
https://www.amazon.in/Lunars-Heritage-Casual-Bagpack-College/dp/B08CBJDBH4/ref=sr_1_290?crid=2M096C61O4MLT&keywords=bags&qid=1675244845&sprefix=ba%2Caps%2C283&sr=8-290,Lunar's Heritage 37L Casual Water Resistant 3 Compartment Travel Bagpack/College Backpack/School Bag (Black),₹ 799,3.9 out of 5 stars,767 ratings
https://www.amazon.in/Backpack-15-6inch-Resistant-Anti-Theft-Charging/dp/B07TW713SC/ref=sr_1_289?crid=2M096C61O4MLT&keywords=bags&qid=1675244845&sprefix=ba%2Caps%2C283&sr=8-289,"Arctic Hunter Backpack, 15.6 Inch Laptop Bag for Men Business Backpack for Office Travel College 28L Water Resistant Anti-Theft Laptop Backpack with USB Charging Port for Men and Women, Black","₹ 2,374",4.1 out of 5 stars,271 ratings
https://www.amazon.in/RBB-HUB-Black-Leather-Sling/dp/B082G8KPD2/ref=sr_1_288?crid=2M096C61O4MLT&keywords=bags&qid=1675244845&sprefix=ba%2Caps%2C283&sr=8-288,"RBB HUB Black Leather Gym Bag Gym Bag (Black, Sling Bag)",₹ 229,5.0 out of 5 stars,1 rating
https://www.amazon.in/ASTRID-Blue-Textured-Cotton-Pouch/dp/B08W431L94/ref=sr_1_287?crid=2M096C61O4MLT&keywords=bags&qid=1675244845&sprefix=ba%2Caps%2C283&sr=8-287,ASTRID Blue Textured Cotton Tote Bag With Coin Pouch,₹ 749,4.4 out of 5 stars,218 ratings
https://www.amazon.in/Step-Backpack-Small-Water-Repellant/dp/B088X9M73T/ref=sr_1_286?crid=2M096C61O4MLT&keywords=bags&qid=1675244845&sprefix=ba%2Caps%2C283&sr=8-286,"Mi Step Out 12 L Mini Backpack (Small Size, Sky Blue, Water Repellant)",₹ 299,4.1 out of 5 stars,"7,615 ratings"
https://www.amazon.in/GUSTAVE%C2%AE-Crossbody-Adjustable-Commuting-Activities/dp/B09YCSBNWZ/ref=sr_1_285?crid=2M096C61O4MLT&keywords=bags&qid=1675244845&sprefix=ba%2Caps%2C283&sr=8-285,"GUSTAVE® Chest Bag for Men Crossbody Bag, Women Shoulder Bag Nylon Bag with Cable Vent,Adjustable Strap, for Commuting, Travel, Outdoor Activities,Cycling (Black)",₹ 899,3.7 out of 5 stars,14 ratings
https://www.amazon.in/Prarabdh-Pocket-Shoulder-Strap-Water/dp/B09FZ2N1VQ/ref=sr_1_282?crid=2M096C61O4MLT&keywords=bags&qid=1675244845&sprefix=ba%2Caps%2C283&sr=8-282,Prarabdh Yoga Mat Bag from Women & Men and Shoulder Strap Water Proof Yoga Mat Cover (Blue Color),₹ 195,3.6 out of 5 stars,32 ratings
https://www.amazon.in/Motherly-Stylish-Babies-Diaper-Mothers/dp/B07DMKJJB4/ref=sr_1_281?crid=2M096C61O4MLT&keywords=bags&qid=1675244845&sprefix=ba%2Caps%2C283&sr=8-281,motherly 25 ltrs (25 Cms) backpack(5860_grey),"₹ 1,716",4.6 out of 5 stars,"5,399 ratings"
https://www.amazon.in/Backpack-Toddler-Animal-Cartoon-Travel/dp/B0B7FGTWST/ref=sr_1_280?crid=2M096C61O4MLT&keywords=bags&qid=1675244845&sprefix=ba%2Caps%2C283&sr=8-280,Blue Tree Cute Kids Backpack Toddler Bag Plush Animal Cartoon Mini Travel Bag for Baby Girl Boy 1-6 Years,₹ 298,3.8 out of 5 stars,35 ratings
https://www.amazon.in/House-Quirk-Electronics-Accessories-Organizer/dp/B07MMGBD1J/ref=sr_1_279?crid=2M096C61O4MLT&keywords=bags&qid=1675244845&sprefix=ba%2Caps%2C283&sr=8-279,"House of Quirk Electronics Accessories Organizer Bag, Universal Carry Travel Gadget Bag for Cables, Plug and More, Perfect Size Fits for Pad Phone Charger Hard Disk - Dark Blue",₹ 499,4.3 out of 5 stars,"6,460 ratings"
https://www.amazon.in/Kleider-Nylon-Travel-Mobile-Messenger/dp/B08V5B5G14/ref=sr_1_278?crid=2M096C61O4MLT&keywords=bags&qid=1675244845&sprefix=ba%2Caps%2C283&sr=8-278,DEIN KLEIDER Nylon Cross Body Travel Mobile Pouch Sling Messenger Bag for Women,₹ 259,4.2 out of 5 stars,"1,328 ratings"
https://www.amazon.in/Tabelito-Laptop-Backpack-15-6-inch-Repellent/dp/B08Y3L4PHK/ref=sr_1_277?crid=2M096C61O4MLT&keywords=bags&qid=1675244845&sprefix=ba%2Caps%2C283&sr=8-277,Tabelito® Casual 15.6 Inch (39.6 cm) Water Repellent Laptop Backpack Office College School Business Travel Bag Suitable for Men Women Boys & Girls Capacity 25 Litre (Grey),₹ 549,4.2 out of 5 stars,"1,497 ratings"
https://www.amazon.in/Business-Casual-Resistant-Laptop-Backpack/dp/B0862V2GKH/ref=sr_1_276?crid=2M096C61O4MLT&keywords=bags&qid=1675244845&sprefix=ba%2Caps%2C283&sr=8-276,Mi Business Casual 21L Water Resistant Laptop Backpack (Blue),₹ 999,4.4 out of 5 stars,"6,047 ratings"
https://www.amazon.in/Eco-Friendly-Bag-Reusable-Shopping-Grocery-Multipurpose/dp/B09V5PVDTC/ref=sr_1_275?crid=2M096C61O4MLT&keywords=bags&qid=1675244845&sprefix=ba%2Caps%2C283&sr=8-275,ASIAN Eco-Friendly Jute Hand Bag-Reusable Tiffin Shopping Grocery Multipurpose Hand Bag with Zip & Handle for Men and Women,₹ 197,4.1 out of 5 stars,220 ratings
https://www.amazon.in/Nivia-6852BK-Polyester-String-Black/dp/B07NNDWGYC/ref=sr_1_276?crid=2M096C61O4MLT&keywords=bags&qid=1675244924&sprefix=ba%2Caps%2C283&sr=8-276,Nivia 6852BK Polyester String Bag (Black),₹ 303,4.1 out of 5 stars,101 ratings
https://www.amazon.in/DZert-Rumble-School-Backpacks-Cartoon/dp/B0994PHBSL/ref=sr_1_275?crid=2M096C61O4MLT&keywords=bags&qid=1675244924&sprefix=ba%2Caps%2C283&sr=8-275,DZert Kids School Bag Soft Plush Backpacks Cartoon Boys Girls Baby (2-5 Years),₹ 239,3.7 out of 5 stars,"10,947 ratings"
https://www.amazon.in/School-Cartoon-Backpack-Konggi-Rabbit/dp/B09241N9KD/ref=sr_1_274?crid=2M096C61O4MLT&keywords=bags&qid=1675244924&sprefix=ba%2Caps%2C283&sr=8-274,"Baby Bag, School Bag for Kids Girl, Soft Bag, Cartoon Backpack(Konggi Rabbit)",₹ 201,2.8 out of 5 stars,5 ratings
https://www.amazon.in/Cartoon-Unicorn-Haversack-Drawstring-Birthday/dp/B0BFXLZZ3J/ref=sr_1_273?crid=2M096C61O4MLT&keywords=bags&qid=1675244924&sprefix=ba%2Caps%2C283&sr=8-273,"AK Store Cartoon Unicorn Print Dori Bag Haversack Bags, Drawstring Sack Bags, Exam Bags, Tution Bags for Boys, Girls, Kids, Birthday Return Gift Bags, Pink",₹ 99,null,null
https://www.amazon.in/Lify-Womens-Shoulder-Crossbody-Handbag/dp/B09JWMW646/ref=sr_1_272?crid=2M096C61O4MLT&keywords=bags&qid=1675244924&sprefix=ba%2Caps%2C283&sr=8-272,Lify Women's Retro Large Size Canvas Shoulder Bag Hobo Crossbody Handbag Casual Tote - 1 Piece,₹ 320,3.8 out of 5 stars,"1,221 ratings"
https://www.amazon.in/Genie-Spritz-Daypack-Fashion-Backpack/dp/B083ZDT8SD/ref=sr_1_271?crid=2M096C61O4MLT&keywords=bags&qid=1675244924&sprefix=ba%2Caps%2C283&sr=8-271,"Genie Spritz Daypack 14 inch, Stylish and Trendy College backpacks for girls, Water Resistant and Lightweight Mini Bags for Travelling Purpose. Latest Collection of Backpack for women (Rose)",₹ 349,4.2 out of 5 stars,"2,286 ratings"
https://www.amazon.in/Amazon-Brand-Womens-Sling-Light/dp/B07YXBTD6Z/ref=sr_1_270?crid=2M096C61O4MLT&keywords=bags&qid=1675244924&sprefix=ba%2Caps%2C283&sr=8-270,Amazon Brand - Eden & Ivy Women's Sling Bag,₹ 564.63,4.3 out of 5 stars,608 ratings
https://www.amazon.in/AirCase-Messenger-Detachable-Shoulder-Warranty/dp/B0BHZ12XQ7/ref=sr_1_269?crid=2M096C61O4MLT&keywords=bags&qid=1675244924&sprefix=ba%2Caps%2C283&sr=8-269,"AirCase Office Canvas Sling Messenger Bag fits Upto 15.6"" Laptop/ MacBook, PU Leather Handles, Detachable Shoulder Strap, Easy to Clean, for Office/ Travel, Men & Women,Grey- 6 Month Warranty",₹ 999,null,null
https://www.amazon.in/KILLER-Polyester-Orange-Laptop-Backpack/dp/B07B516P18/ref=sr_1_266?crid=2M096C61O4MLT&keywords=bags&qid=1675244924&sprefix=ba%2Caps%2C283&sr=8-266,KILLER Casual College Bags Munich 29L Trendy Polyester Laptop Backpack,₹ 986,4.2 out of 5 stars,711 ratings
https://www.amazon.in/GOOD-FRIENDS-Blowzy-Messenger-Briefcase/dp/B088LG4CYY/ref=sr_1_265?crid=2M096C61O4MLT&keywords=bags&qid=1675244924&sprefix=ba%2Caps%2C283&sr=8-265,"Good Friends Blowzy Bags Laptop Messenger Bags for Men, Laptop Bags for Womens, Office Bags for Man, Laptop Briefcase, 15.6 inch Laptop Bag (Tan)",₹ 599,3.8 out of 5 stars,32 ratings
https://www.amazon.in/icemart-student-Waterproof-backpack-IC-0117/dp/B08JJ7RSYR/ref=sr_1_264?crid=2M096C61O4MLT&keywords=bags&qid=1675244924&sprefix=ba%2Caps%2C283&sr=8-264,"icemart Cute Style female student Oxford Waterproof anti thief school bags backpack girls Daily backpack sling bag (IC-0117, Grey)",₹ 399,3.5 out of 5 stars,325 ratings
https://www.amazon.in/Shalimar-Reusable-Grocery-Multipurpose-Green/dp/B097J7KCL4/ref=sr_1_263?crid=2M096C61O4MLT&keywords=bags&qid=1675244924&sprefix=ba%2Caps%2C283&sr=8-263,Shalimar Reusable Grocery/Multipurpose Bags (Blue/Green) (16 x 15 x 5 Inch) - Pack of 2,₹ 48.82,null,null
https://www.amazon.in/DIVING-DEEP-Backpack-Polyester-Bag/dp/B08F7YYZTJ/ref=sr_1_262?crid=2M096C61O4MLT&keywords=bags&qid=1675244924&sprefix=ba%2Caps%2C283&sr=8-262,DIVING DEEP Women Backpack Latest School Bag for Girls (Black),₹ 379,3.3 out of 5 stars,"1,393 ratings"
https://www.amazon.in/Messenger-Water-resistant-Briefcase-Multiple-Men-Black/dp/B0B6G58BYC/ref=sr_1_261?crid=2M096C61O4MLT&keywords=bags&qid=1675244924&sprefix=ba%2Caps%2C283&sr=8-261,"Arctic Hunter Laptop Bag,Messenger bags for Men and Women Laptop Sling Bag with Handle Water-resistant Laptop Briefcase for 15.6 inch Laptop Multiple Pockets Travel Office For Men.Black","₹ 2,849",4.5 out of 5 stars,33 ratings
https://www.amazon.in/Genie-Miami-litres-Casual-Backpack/dp/B07SRGGGNC/ref=sr_1_260?crid=2M096C61O4MLT&keywords=bags&qid=1675244924&sprefix=ba%2Caps%2C283&sr=8-260,"Genie Miami Laptop Backpack for Women, 16 inches Office Bag, Sky Blue Stylish and Trendy Bag for Office and College",₹ 695.50,4.2 out of 5 stars,"3,909 ratings"
https://www.amazon.in/Backpack-Business-Backpacks-Charging-Resistant/dp/B094DGXXR5/ref=sr_1_259?crid=2M096C61O4MLT&keywords=bags&qid=1675244924&sprefix=ba%2Caps%2C283&sr=8-259,"FUR JADEN Travel Laptop Backpack, Business Backpacks with USB Charging Port, Water Resistant College School Computer Bag for Men & Women Fits Under 15.6 inch Laptop and Notebook",₹ 989,4.2 out of 5 stars,78 ratings
https://www.amazon.in/Amazon-Brand-Womens-Sling-Light/dp/B07YXBTD6Z/ref=sr_1_260?crid=2M096C61O4MLT&keywords=bags&qid=1675245017&sprefix=ba%2Caps%2C283&sr=8-260,Amazon Brand - Eden & Ivy Women's Sling Bag,₹ 564.63,4.3 out of 5 stars,608 ratings
https://www.amazon.in/AirCase-C25-Messenger-Shoulder-Compartments/dp/B07P42BHHT/ref=sr_1_259?crid=2M096C61O4MLT&keywords=bags&qid=1675245017&sprefix=ba%2Caps%2C283&sr=8-259,"AirCase Office Messenger Sling Bag fits upto 15.6"" Laptop/Macbook, Detachable Shoulder Strap, Waterproof, Shockproof, Carry Handle with Spacious Pockets, For Men & Women",₹ 949,3.9 out of 5 stars,656 ratings
https://www.amazon.in/DIVING-DEEP-Backpack-Polyester-Bag/dp/B08F7YYZTJ/ref=sr_1_258?crid=2M096C61O4MLT&keywords=bags&qid=1675245017&sprefix=ba%2Caps%2C283&sr=8-258,DIVING DEEP Women Backpack Latest School Bag for Girls (Black),₹ 379,3.3 out of 5 stars,"1,393 ratings"
https://www.amazon.in/Wildcraft-Ltrs-orange-Rucksack-8903338073864/dp/B01G5I8YLC/ref=sr_1_257?crid=2M096C61O4MLT&keywords=bags&qid=1675245017&sprefix=ba%2Caps%2C283&sr=8-257,"Wildcraft 45 Ltrs Grey and Orange Rucksack (8903338073864), Large","₹ 1,725",4.3 out of 5 stars,"8,680 ratings"
https://www.amazon.in/Genie-Miami-litres-Casual-Backpack/dp/B07SRGGGNC/ref=sr_1_256?crid=2M096C61O4MLT&keywords=bags&qid=1675245017&sprefix=ba%2Caps%2C283&sr=8-256,"Genie Miami Laptop Backpack for Women, 16 inches Office Bag, Sky Blue Stylish and Trendy Bag for Office and College",₹ 695.50,4.2 out of 5 stars,"3,909 ratings"
https://www.amazon.in/NETTIE-Cotton-Carry-Strap-Drawstring/dp/B08LBT1R9J/ref=sr_1_255?crid=2M096C61O4MLT&keywords=bags&qid=1675245017&sprefix=ba%2Caps%2C283&sr=8-255,NETTIE Cotton Carry Bag with Strap and Drawstring for Yoga Mat- Big Size,₹ 198,4.1 out of 5 stars,977 ratings
https://www.amazon.in/Alice-Bowknot-Fashion-Backpack-Daypacks/dp/B09HX3DL8R/ref=sr_1_254?crid=2M096C61O4MLT&keywords=bags&qid=1675245017&sprefix=ba%2Caps%2C283&sr=8-254,Alice Girls New ty Bowknot Fashion Backpack Cute Leather Backpack Mini Backpack Purse for Women Satchel School Bags Casual Travel Daypacks,₹ 479,3.8 out of 5 stars,83 ratings
https://www.amazon.in/Cosmus-Casual-Backpack-Charger-College/dp/B08D7D21FV/ref=sr_1_253?crid=2M096C61O4MLT&keywords=bags&qid=1675245017&sprefix=ba%2Caps%2C283&sr=8-253,Cosmus Vogue Casual Laptop Backpack with USB Charger Port 44cm 26 Litre Grey College Bag,"₹ 1,181",4.2 out of 5 stars,"1,347 ratings"
https://www.amazon.in/Gear-Executive-Anti-Theft-Backpack-BKPPKREXE0101/dp/B097KCMQKG/ref=sr_1_250?crid=2M096C61O4MLT&keywords=bags&qid=1675245017&sprefix=ba%2Caps%2C283&sr=8-250,Gear Parker 23L Water Resistant Anti Theft Laptop Bag/Backpack for Men/Women - Black,₹ 649,4.3 out of 5 stars,300 ratings
https://www.amazon.in/Capacity-Cosmetic-Portable-Cosmetics-Organizer/dp/B0BK922Y5N/ref=sr_1_249?crid=2M096C61O4MLT&keywords=bags&qid=1675245017&sprefix=ba%2Caps%2C283&sr=8-249,"Large Capacity Cosmetic Travel Bag, Women's Makeup Travel Bag Portable Leather Cosmetics Bag, Makeup Storage Bags with Handle and Divider, Wide Opening Cosmetic/Makeup Organizer Bags(Pink)",₹ 799,4.3 out of 5 stars,107 ratings
https://www.amazon.in/Amazon-Basics-Stylish-Backpack-Laptop/dp/B09W4WRV5Q/ref=sr_1_248?crid=2M096C61O4MLT&keywords=bags&qid=1675245017&sprefix=ba%2Caps%2C283&sr=8-248,"Amazon Basics - Laptop Backpack/Travel Backpack/College Bag for 15.6-inch Laptop, Water-Resistant, Stylish Design","₹ 1,859",null,null
https://www.amazon.in/Kaushiki-Enterprises-sequence-backpack-Multicolor/dp/B09DYXTRM1/ref=sr_1_247?crid=2M096C61O4MLT&keywords=bags&qid=1675245017&sprefix=ba%2Caps%2C283&sr=8-247,Kaushiki Enterprises Unicorn soft fur bag/backpack/school bag/birthday return gift (Pack of 1 bag),₹ 549,3.6 out of 5 stars,4 ratings
https://www.amazon.in/Tommy-Hilfiger-Polyester-TH-KENDALL0815/dp/B082PFY9VC/ref=sr_1_246?crid=2M096C61O4MLT&keywords=bags&qid=1675245017&sprefix=ba%2Caps%2C283&sr=8-246,Tommy Hilfiger Polyester 53 cms Navy + White Gym Shoulder Bag (TH/KENDALL0815),"₹ 1,799",4.4 out of 5 stars,63 ratings
https://www.amazon.in/NOVICZ-Navy-Blue-Rucksack-HK004-TRAWOC-NAVYBLUE/dp/B0796PGYKS/ref=sr_1_245?crid=2M096C61O4MLT&keywords=bags&qid=1675245017&sprefix=ba%2Caps%2C283&sr=8-245,"TRAWOC 60 Ltr Travel Backpack Hiking Trekking Rucksack Bag, 1 Year Warranty, Navy Blue","₹ 1,705",4.3 out of 5 stars,"1,869 ratings"
https://www.amazon.in/FATMUG-Crossbody-Shoulder-Girls-Casual-Trekking/dp/B08MXRJ811/ref=sr_1_244?crid=2M096C61O4MLT&keywords=bags&qid=1675245017&sprefix=ba%2Caps%2C283&sr=8-244,"FATMUG Crossbody Bagpack One Shoulder Chest Sling Bag for Men, Women, Boys & Girls-Casual Daypack, Office, College, Travel, Hiking, Trekking, Cycling, Can hold a 10 inch Tablet, Student Bag-Multicolor",₹ 999,4.1 out of 5 stars,391 ratings
https://www.amazon.in/Rabbit-Caramello-Backpack-Multi-Function-Waterproof/dp/B07FHXNPCH/ref=sr_1_243?crid=2M096C61O4MLT&keywords=bags&qid=1675245017&sprefix=ba%2Caps%2C283&sr=8-243,"R for Rabbit Caramello Delight Diaper Bag Backpack -Multi-Function Waterproof Mother Bag for Travel with Baby - Large Capacity, Durable and Stylish.(Grey Black)","₹ 1,999",4.4 out of 5 stars,790 ratings
https://www.amazon.in/Bennett-15-6-inch-Repellent-Backpack-ben_cas_blue/dp/B09WZKB54G/ref=sr_1_244?crid=2M096C61O4MLT&keywords=bags&qid=1675245098&sprefix=ba%2Caps%2C283&sr=8-244,"Bennett Laptop Bag for Menं & Women 15.6 inch, 35 L Water Resistant Bag Laptop Apple / Dell / Lenovo / Asus / Hp / Samsung / Mi / MacBook / Ultrabook / Thinkpad / Ideapad / Surfacepro (Blue)",₹ 512,3.9 out of 5 stars,344 ratings
https://www.amazon.in/FATMUG-Crossbody-Shoulder-Girls-Casual-Trekking/dp/B08MXRJ811/ref=sr_1_243?crid=2M096C61O4MLT&keywords=bags&qid=1675245098&sprefix=ba%2Caps%2C283&sr=8-243,"FATMUG Crossbody Bagpack One Shoulder Chest Sling Bag for Men, Women, Boys & Girls-Casual Daypack, Office, College, Travel, Hiking, Trekking, Cycling, Can hold a 10 inch Tablet, Student Bag-Multicolor",₹ 999,4.1 out of 5 stars,391 ratings
https://www.amazon.in/Rabbit-Caramello-Backpack-Multi-Function-Waterproof/dp/B07FHXNPCH/ref=sr_1_242?crid=2M096C61O4MLT&keywords=bags&qid=1675245098&sprefix=ba%2Caps%2C283&sr=8-242,"R for Rabbit Caramello Delight Diaper Bag Backpack -Multi-Function Waterproof Mother Bag for Travel with Baby - Large Capacity, Durable and Stylish.(Grey Black)","₹ 1,999",4.4 out of 5 stars,790 ratings
https://www.amazon.in/POLESTAR-backpack-Backpack-College-Students/dp/B08X2KR6T9/ref=sr_1_241?crid=2M096C61O4MLT&keywords=bags&qid=1675245098&sprefix=ba%2Caps%2C283&sr=8-241,"POLESTAR Enzo 15.6 inch 35 LTR Casual Laptop Backpack/Office Bag/School Bag/College Bag/Business Bag/Unisex Backpack , Water Resistant and Light Weight, 1 year Warranty",₹ 619,4.2 out of 5 stars,"3,724 ratings"
https://www.amazon.in/Wooum-Resisitance-Shoulder-Business-Messenger/dp/B0993Q72WD/ref=sr_1_240?crid=2M096C61O4MLT&keywords=bags&qid=1675245098&sprefix=ba%2Caps%2C283&sr=8-240,wooum Water Resisitance Sling Cross Body Bag/One Side Bag/Shoulder Bag/Office Business Messenger Bag/Money Bag for Men and Women - Blue,₹ 328.70,4.0 out of 5 stars,575 ratings
https://www.amazon.in/Tabelito%C2%AE-Basic-Laptop-Sleeve-Surfacepro/dp/B09NDTCZ4N/ref=sr_1_239?crid=2M096C61O4MLT&keywords=bags&qid=1675245098&sprefix=ba%2Caps%2C283&sr=8-239,Tabelito® Basic Laptop Bag Sleeve Case Cover Pouch for 15.6 Inch(39.6cm) Laptop Apple / Dell / Lenovo / Asus / Hp / Samsung / Mi / MacBook / Ultrabook / Thinkpad / Ideapad / Surfacepro (Blue),₹ 299,4.2 out of 5 stars,"1,817 ratings"
https://www.amazon.in/Wooum-Resistant-Material-Messenger-Compartment/dp/B09KV7Y3KL/ref=sr_1_238?crid=2M096C61O4MLT&keywords=bags&qid=1675245098&sprefix=ba%2Caps%2C283&sr=8-238,wooum Water Resistant Material Sling Bag/One Side Bag/Shoulder Bag/Messenger Bag/Office Messenger Bag/Travel Side Bag with 14.1 Inch Laptop Compartment -,₹ 474.05,4.0 out of 5 stars,200 ratings
https://www.amazon.in/Osaka-Pro-Waterproof-Accessories-Others-Made/dp/B081Z1TVPQ/ref=sr_1_237?crid=2M096C61O4MLT&keywords=bags&qid=1675245098&sprefix=ba%2Caps%2C283&sr=8-237,"Osaka Pro Series-11 Waterproof DSLR Backpack Camera Bag, Lens Accessories Carry Case for Nikon, Canon, Olympus, Pentax & Others-Made in India",₹ 880,3.9 out of 5 stars,552 ratings
https://www.amazon.in/American-Tourister-Polypropylene-LG4-08/dp/B0BB2LX7LW/ref=sr_1_234?crid=2M096C61O4MLT&keywords=bags&qid=1675245098&sprefix=ba%2Caps%2C283&sr=8-234,American Tourister Polypropylene Hard 68 cms Luggage- Suitcase(LG4 (0) 08 002_Iron Grey),"₹ 2,899",4.0 out of 5 stars,152 ratings
https://www.amazon.in/Chic-Buddy-Waterproof-Swimsuits-Toiletries/dp/B0B25B5PB6/ref=sr_1_233?crid=2M096C61O4MLT&keywords=bags&qid=1675245098&sprefix=ba%2Caps%2C283&sr=8-233,"Chic Buddy Waterproof Wet Bag, Washable, Reusable for Travel, Beach, Pool, Stroller, Diapers, Dirty Gym Clothes, Wet Swimsuits, Toiletries",null,4.5 out of 5 stars,255 ratings
https://www.amazon.in/VIFITKIT-Multi-Purpose-Spacious-Storage-Compartment/dp/B0B4BLYKYB/ref=sr_1_232?crid=2M096C61O4MLT&keywords=bags&qid=1675245098&sprefix=ba%2Caps%2C283&sr=8-232,"VIFITKIT Gym Bag for Men & Women, Duffel Bag, Multi-Purpose Bag with Spacious Storage Compartment & Durable Zipper Closure (22.5 litres, Blue & Black)",₹ 299,4.1 out of 5 stars,32 ratings
https://www.amazon.in/HP-Lightweight-300-Grey-Backpack/dp/B08CY44PVD/ref=sr_1_231?crid=2M096C61O4MLT&keywords=bags&qid=1675245098&sprefix=ba%2Caps%2C283&sr=8-231,HP Lightweight 300 Grey Laptops Backpack with Crafted Cable Pass Through and Padded Shoulder Straps,"₹ 1,001",4.1 out of 5 stars,66 ratings
https://www.amazon.in/POLESTAR-backpack-Backpack-College-Students/dp/B08X2KRL8B/ref=sr_1_230?crid=2M096C61O4MLT&keywords=bags&qid=1675245098&sprefix=ba%2Caps%2C283&sr=8-230,"POLESTAR Leader 34 L Bag for College, School, Office, Casual Multipurpose Backpack with 15.6"" Laptop Compartment, Water Resistant, Unisex Design, Stylish & Durable, 1 Year Warranty",₹ 599,4.1 out of 5 stars,"3,400 ratings"
https://www.amazon.in/Backpack-Toddler-Animal-Cartoon-Super-Man/dp/B08D5N8FFV/ref=sr_1_229?crid=2M096C61O4MLT&keywords=bags&qid=1675245098&sprefix=ba%2Caps%2C283&sr=8-229,"blue tree Cute Kid's Toddler Plush Animal Cartoon Mini Travel Bag Backpack (Super-Man, Blue, 1-6 Years)",₹ 339,3.8 out of 5 stars,225 ratings
https://www.amazon.in/Dottie-Casual-Backpacks-Resistant-Lightweight/dp/B097JJPQ2K/ref=sr_1_228?crid=2M096C61O4MLT&keywords=bags&qid=1675245098&sprefix=ba%2Caps%2C283&sr=8-228,"Genie Dottie Casual Backpacks for Women, 18 Ltrs, Water Resistant and Lightweight, Navy Blue, M",₹ 799,4.2 out of 5 stars,148 ratings
https://www.amazon.in/Crafts-My-Dream-Womens-CMD2904/dp/B0100BD0IW/ref=sr_1_227?crid=2M096C61O4MLT&keywords=bags&qid=1675245098&sprefix=ba%2Caps%2C283&sr=8-227,CRAFTS MY DREAM Women's Cross Body (Multicolor) Rose casual sling Bag,₹ 299,4.0 out of 5 stars,"1,446 ratings"
https://www.amazon.in/Protecta-Professional-15-6-inch-Briefcase-Geometric/dp/B07GNCRCP4/ref=sr_1_228?crid=2M096C61O4MLT&keywords=bags&qid=1675245180&sprefix=ba%2Caps%2C283&sr=8-228,Protecta The Professional Laptop Bag Briefcase for Laptops with Screen Size Up to 15.6 Inch (Black & Indian Geometric Print),₹ 699,4.4 out of 5 stars,"1,380 ratings"
https://www.amazon.in/Dottie-Casual-Backpacks-Resistant-Lightweight/dp/B097JJPQ2K/ref=sr_1_227?crid=2M096C61O4MLT&keywords=bags&qid=1675245180&sprefix=ba%2Caps%2C283&sr=8-227,"Genie Dottie Casual Backpacks for Women, 18 Ltrs, Water Resistant and Lightweight, Navy Blue, M",₹ 799,4.2 out of 5 stars,148 ratings
https://www.amazon.in/F-Gear-Yakuza-Brown-Laptop-Backpack/dp/B071VNWC1C/ref=sr_1_226?crid=2M096C61O4MLT&keywords=bags&qid=1675245180&sprefix=ba%2Caps%2C283&sr=8-226,F Gear Yakuza Brown 34 liter Laptop Backpack Sch Bag,"₹ 1,139",4.4 out of 5 stars,795 ratings
https://www.amazon.in/Gear-Classic-Leather-Backpack-LBPCLSLTH0101/dp/B07G4D13LB/ref=sr_1_225?crid=2M096C61O4MLT&keywords=bags&qid=1675245180&sprefix=ba%2Caps%2C283&sr=8-225,Gear Classic 20L Faux Leather Water Resistant Anti Theft Laptop Bag/Backpack for Men/Women-Black,₹ 999,4.4 out of 5 stars,"2,525 ratings"
https://www.amazon.in/Isle-Locada-Hidesign-Womens-Sling/dp/B07TDTPRJ9/ref=sr_1_224?crid=2M096C61O4MLT&keywords=bags&qid=1675245180&sprefix=ba%2Caps%2C283&sr=8-224,Isle Locada by Hidesign Women's SLING BAG(MARSALA/BROWN),"₹ 1,899",4.5 out of 5 stars,351 ratings
https://www.amazon.in/Crafts-My-Dream-Womens-CMD2904/dp/B0100BD0IW/ref=sr_1_223?crid=2M096C61O4MLT&keywords=bags&qid=1675245180&sprefix=ba%2Caps%2C283&sr=8-223,CRAFTS MY DREAM Women's Cross Body (Multicolor) Rose casual sling Bag,₹ 299,4.0 out of 5 stars,"1,446 ratings"
https://www.amazon.in/Lavie-Broxa-Flap-Womens-Sling/dp/B08QTF8RPM/ref=sr_1_222?crid=2M096C61O4MLT&keywords=bags&qid=1675245180&sprefix=ba%2Caps%2C283&sr=8-222,Lavie Women's Broxa Flap Over Sling Bag | Ladies Purse Handbag,"₹ 1,217",4.2 out of 5 stars,"5,526 ratings"
https://www.amazon.in/HP-Lightweight-300-Grey-Backpack/dp/B08CY44PVD/ref=sr_1_221?crid=2M096C61O4MLT&keywords=bags&qid=1675245180&sprefix=ba%2Caps%2C283&sr=8-221,HP Lightweight 300 Grey Laptops Backpack with Crafted Cable Pass Through and Padded Shoulder Straps,"₹ 1,001",4.1 out of 5 stars,66 ratings
https://www.amazon.in/Gear-Vintage2-Leather-Backpack-LBPVG2LTH0501/dp/B07G4HH78P/ref=sr_1_218?crid=2M096C61O4MLT&keywords=bags&qid=1675245180&sprefix=ba%2Caps%2C283&sr=8-218,Gear Vintage2 28L Faux Leather Water Resistant Anti Theft Laptop Bag/Backpack for Men/Women-Navy,₹ 999,4.4 out of 5 stars,"3,053 ratings"
https://www.amazon.in/Blowzy-Bags-Leather-Shoulder-Messenger/dp/B08M11D5SJ/ref=sr_1_217?crid=2M096C61O4MLT&keywords=bags&qid=1675245180&sprefix=ba%2Caps%2C283&sr=8-217,Blowzy Bags PU Leather 15.6 inch Laptop Shoulder Messenger Sling Office Bag for Men & Women (Black),₹ 527,4.0 out of 5 stars,901 ratings
https://www.amazon.in/EAYIRA-Portable-Multifunctional-Organizer-Cosmetic/dp/B07QYVX5FT/ref=sr_1_216?crid=2M096C61O4MLT&keywords=bags&qid=1675245180&sprefix=ba%2Caps%2C283&sr=8-216,EAYIRA Hanging Travel Toiletry Kit Bag Cosmetic Make up Organizer Multifunction Portable Makeup Pouch for Women and Girls Waterproof Ladies Case Travelling Storage Inner Ware Up Brush Kit Holder,₹ 380,3.9 out of 5 stars,747 ratings
https://www.amazon.in/Veneer-Business-Briefcase-Resistant-Messenger/dp/B08Z619V6Z/ref=sr_1_215?crid=2M096C61O4MLT&keywords=bags&qid=1675245180&sprefix=ba%2Caps%2C283&sr=8-215,"Veneer Laptop Bag 15.6 Inch, Business Briefcase for Men Women, 15inch Water Resistant Messenger Shoulder Bag with Strap, Durable Office Bag, for Computer/Notebook/MacBook","₹ 1,055",4.2 out of 5 stars,"2,882 ratings"
https://www.amazon.in/American-Tourister-Polypropylene-FO1-002/dp/B08CS9NC8Y/ref=sr_1_214?crid=2M096C61O4MLT&keywords=bags&qid=1675245180&sprefix=ba%2Caps%2C283&sr=8-214,American Tourister Ivy Polypropylene 68 cms Black Hardsided Check-in Luggage (FO1 (0) 09 002),"₹ 3,499",4.2 out of 5 stars,"8,503 ratings"
https://www.amazon.in/Gear-Black-Casual-Backpack-BKPCMPUS10110/dp/B00Z9427SK/ref=sr_1_213?crid=2M096C61O4MLT&keywords=bags&qid=1675245180&sprefix=ba%2Caps%2C283&sr=8-213,Gear Campus1 22L Water Resistant School Bag/ College Bag/ Backpack For Men/Women-Black Royalblue,₹ 649,4.3 out of 5 stars,"3,831 ratings"
https://www.amazon.in/Amazon-Brand-Backpack-15-6-inch-Laptops/dp/B076QFBFRG/ref=sr_1_212?crid=2M096C61O4MLT&keywords=bags&qid=1675245180&sprefix=ba%2Caps%2C283&sr=8-212,"Amazon Brand - Solimo Laptop Backpack for 15.6-inch Laptops (27 litres, Black)",₹ 449,3.8 out of 5 stars,"1,215 ratings"
https://www.amazon.in/Nivia-5177RD-Polyester-String-Bag/dp/B07NNJKQQY/ref=sr_1_211?crid=2M096C61O4MLT&keywords=bags&qid=1675245180&sprefix=ba%2Caps%2C283&sr=8-211,Nivia 5177RD Polyester String Bag (Red),₹ 193,4.0 out of 5 stars,250 ratings
https://www.amazon.in/Kuber-Industries-Transparent-Resistant-Handle-Set/dp/B08WK5QJ5D/ref=sr_1_212?crid=2M096C61O4MLT&keywords=bags&qid=1675245252&sprefix=ba%2Caps%2C283&sr=8-212,Kuber Industries Travel Toiletry Bag|Undergarments Organizer Bag|Makeup Bags|Transparent Shaving Bag for Men|Water Resistant with Zipper and Handle|Set of 2 (Cream),₹ 174,4.0 out of 5 stars,40 ratings
https://www.amazon.in/Backpack-Toddler-Animal-Cartoon-Super-Man/dp/B08D5N8FFV/ref=sr_1_211?crid=2M096C61O4MLT&keywords=bags&qid=1675245252&sprefix=ba%2Caps%2C283&sr=8-211,"blue tree Cute Kid's Toddler Plush Animal Cartoon Mini Travel Bag Backpack (Super-Man, Blue, 1-6 Years)",₹ 339,3.8 out of 5 stars,225 ratings
https://www.amazon.in/Baggit-Womens-Sling-Bag-Small/dp/B0BNTQLVBF/ref=sr_1_210?crid=2M096C61O4MLT&keywords=bags&qid=1675245252&sprefix=ba%2Caps%2C283&sr=8-210,Baggit Women's Sling Bag - Small (Blue),₹ 700,5.0 out of 5 stars,1 rating
https://www.amazon.in/ASHAPURA-SUITCASE-Polyester-Backpack-Resistant/dp/B09F5F445M/ref=sr_1_209?crid=2M096C61O4MLT&keywords=bags&qid=1675245252&sprefix=ba%2Caps%2C283&sr=8-209,"ASHAPURA SUITCASE BAGS Polyester Casual Laptop Backpack, Travel Computer Bag Water Resistant College Work School Bag (Blue)",₹ 349,null,null
https://www.amazon.in/Gear-Superior-Casual-Backpack-BKPSPRIOR0001/dp/B08GY2ZN96/ref=sr_1_208?crid=2M096C61O4MLT&keywords=bags&qid=1675245252&sprefix=ba%2Caps%2C283&sr=8-208,Gear Superior 16LWater Resistant School Bag//Backpack/College Bag for Men/Women - Black,₹ 373,3.9 out of 5 stars,215 ratings
https://www.amazon.in/Skybags-Unisex-Grey-Jacqard-Laptop/dp/B09ZV9SLBJ/ref=sr_1_207?crid=2M096C61O4MLT&keywords=bags&qid=1675245252&sprefix=ba%2Caps%2C283&sr=8-207,Skybags Unisex Grey Jacqard 34L Laptop Bags,"₹ 1,155",4.4 out of 5 stars,12 ratings
https://www.amazon.in/Priority-Disney-Princess-Casual-Backpack/dp/B0849PHNG1/ref=sr_1_206?crid=2M096C61O4MLT&keywords=bags&qid=1675245252&sprefix=ba%2Caps%2C283&sr=8-206,Priority Disney Snow White 20 litres Pink Polyester Kids School Bag | Casual Backpack for Girls (25156),₹ 349,3.9 out of 5 stars,"6,686 ratings"
https://www.amazon.in/Bennett-15-6-inch-Repellent-Backpack-ben_cas_blue/dp/B09WZKB54G/ref=sr_1_205?crid=2M096C61O4MLT&keywords=bags&qid=1675245252&sprefix=ba%2Caps%2C283&sr=8-205,"Bennett Laptop Bag for Menं & Women 15.6 inch, 35 L Water Resistant Bag Laptop Apple / Dell / Lenovo / Asus / Hp / Samsung / Mi / MacBook / Ultrabook / Thinkpad / Ideapad / Surfacepro (Blue)",₹ 512,3.9 out of 5 stars,344 ratings
https://www.amazon.in/Wildcraft-Typo_Blk-Casual-Backpack-11619-Typo_Blk/dp/B079MBFH5V/ref=sr_1_202_mod_primary_new?crid=2M096C61O4MLT&keywords=bags&qid=1675245252&sbo=RZvfv%2F%2FHxDF%2BO5021pAnSA%3D%3D&sprefix=ba%2Caps%2C283&sr=8-202,Wildcraft 35 ltrs (19 Cms) Casual Backpack(11619-Typo_Blk_Black),"₹ 1,298",4.3 out of 5 stars,339 ratings
https://www.amazon.in/Lavie-Spring-Summer-Womens-Sling/dp/B081KGQ3M4/ref=sr_1_201?crid=2M096C61O4MLT&keywords=bags&qid=1675245252&sprefix=ba%2Caps%2C283&sr=8-201,Lavie Women's Medium Mamo Dome Sling Bag | Ladies Purse Handbag | Crossbody Sling Strap,₹ 658,4.0 out of 5 stars,"1,372 ratings"
https://www.amazon.in/ADISA-SL5013-black-women-girls/dp/B07DVM41CW/ref=sr_1_200?crid=2M096C61O4MLT&keywords=bags&qid=1675245252&sprefix=ba%2Caps%2C283&sr=8-200,ADISA Women's Sling Bag,₹ 495,4.0 out of 5 stars,"2,083 ratings"
https://www.amazon.in/Kleider-Utility-Business-Messenger-Shoulder/dp/B09RQNP9KT/ref=sr_1_199?crid=2M096C61O4MLT&keywords=bags&qid=1675245252&sprefix=ba%2Caps%2C283&sr=8-199,Dein Kleider Nylon Sling Cross Body Utility Travel Office Business Messenger one Side Shoulder Bag for Men and Women,₹ 349,4.1 out of 5 stars,431 ratings
https://www.amazon.in/Clownfish-Trident-Laptop-Briefcase-Messenger/dp/B079HZJTK2/ref=sr_1_198?crid=2M096C61O4MLT&keywords=bags&qid=1675245252&sprefix=ba%2Caps%2C283&sr=8-198,The Clownfish Trident Series Laptop Briefcase 15.6 inch Laptop Bag Messenger Bag (Dark Brown),"₹ 1,819",4.4 out of 5 stars,236 ratings
https://www.amazon.in/Hoteon-Backpack-Anti-Theft-Earphone-Resistant/dp/B08HM4TQZZ/ref=sr_1_197?crid=2M096C61O4MLT&keywords=bags&qid=1675245252&sprefix=ba%2Caps%2C283&sr=8-197,"Golden Wolf Laptop Bag Anti-theft Backpack with Lock College School Laptop Backpack with Rain Cover Water Resistant Business Backpack with USB Port for 15.6-inch Laptop 25 L Travel Bag for Women and Men Gifts, Dark Grey","₹ 2,049",4.4 out of 5 stars,"3,184 ratings"
https://www.amazon.in/Elios-Multipurpose-Shoulder-Crossbody-Charging/dp/B085YBTRCN/ref=sr_1_196?crid=2M096C61O4MLT&keywords=bags&qid=1675245252&sprefix=ba%2Caps%2C283&sr=8-196,Elios Men's PU Leather Multipurpose Daypack Shoulder Sling Bag Chest Crossbody Shoulder Chest Travel Bag with USB Charging Port Black,₹ 899,3.9 out of 5 stars,202 ratings
https://www.amazon.in/Storite-Leather-Laptop-Bag-inch/dp/B081GQJLD2/ref=sr_1_195?crid=2M096C61O4MLT&keywords=bags&qid=1675245252&sprefix=ba%2Caps%2C283&sr=8-195,"Storite PU Leather 14 inch Laptop Messenger Organizer Bag/Shoulder Sling Office Bag for Men & Women – (37x 27x7 cm,Light Brown)","₹ 1,059",4.0 out of 5 stars,"1,531 ratings"
https://www.amazon.in/Storite-Leather-Laptop-Bag-inch/dp/B081GQJLD2/ref=sr_1_196?crid=2M096C61O4MLT&keywords=bags&qid=1675245320&sprefix=ba%2Caps%2C283&sr=8-196,"Storite PU Leather 14 inch Laptop Messenger Organizer Bag/Shoulder Sling Office Bag for Men & Women – (37x 27x7 cm,Light Brown)","₹ 1,059",4.0 out of 5 stars,"1,531 ratings"
https://www.amazon.in/HEROZ-Backpack-Resistant-Computer-17-3-inch/dp/B083N53TWB/ref=sr_1_195?crid=2M096C61O4MLT&keywords=bags&qid=1675245320&sprefix=ba%2Caps%2C283&sr=8-195,HEROZ Hacker 50 litres Nylon Travel Laptop Backpack Water Resistant Slim Durable Computer Book Bag Tracking Fits Up to 17.3-inch Laptop (058- All) (Grey & Red),"₹ 1,599",4.1 out of 5 stars,"3,682 ratings"
https://www.amazon.in/AmazonBasics-Casual-Backpack-Office-15-6-inch/dp/B09W4VMZ79/ref=sr_1_194?crid=2M096C61O4MLT&keywords=bags&qid=1675245320&sprefix=ba%2Caps%2C283&sr=8-194,AmazonBasics - Casual Backpack/Office Bag/ for a 15.6-inch Laptop,₹ 639,4.2 out of 5 stars,384 ratings
https://www.amazon.in/SIDRUM-Shoulder-Adjustable-Compatible-Mirrorless/dp/B09SHTBFQF/ref=sr_1_193?crid=2M096C61O4MLT&keywords=bags&qid=1675245320&sprefix=ba%2Caps%2C283&sr=8-193,"SIDRUM DSLR/SLR Camera Shoulder Bag Case with Adjustable Shoulder Strap & Rain Cover, Compatible for Nikon, Canon, Sony Mirrorless Cameras - Waterproof - Breathable - Anti Shock (Orange-Black-Large)",₹ 999,4.4 out of 5 stars,805 ratings
https://www.amazon.in/Genie-Ltrs-School-Backpack-SPRAY19SBBLU/dp/B07QFF2RZR/ref=sr_1_192?crid=2M096C61O4MLT&keywords=bags&qid=1675245320&sprefix=ba%2Caps%2C283&sr=8-192,"Genie Spray School Bag for Girls, 19 inch Backpack for Women, 3 compartments Water Resistant Stylish and Trendy College Backpacks for Girls",₹ 999,4.1 out of 5 stars,"1,288 ratings"
https://www.amazon.in/Cosmus-Casual-Backpack-Charger-College/dp/B08D7DTWLF/ref=sr_1_191?crid=2M096C61O4MLT&keywords=bags&qid=1675245320&sprefix=ba%2Caps%2C283&sr=8-191,Cosmus Vogue Casual Laptop Backpack with USB Charger Port 46cm 26 Litre Dark Grey College Bag,"₹ 1,181",4.2 out of 5 stars,"1,347 ratings"
https://www.amazon.in/Womens-Lattice-Office-leather-adjustable/dp/B07VNMWWRX/ref=sr_1_190?crid=2M096C61O4MLT&keywords=bags&qid=1675245320&sprefix=ba%2Caps%2C283&sr=8-190,ZOUK Black Printed Handmade Vegan Leather Women's Office Bag for 15.6 inch Laptop with Double Handles - Lattice Lace,"₹ 1,699",4.4 out of 5 stars,"1,689 ratings"
https://www.amazon.in/Baggit-Womens-Laptop-Bag-Large/dp/B0BNTL7Z7J/ref=sr_1_189?crid=2M096C61O4MLT&keywords=bags&qid=1675245320&sprefix=ba%2Caps%2C283&sr=8-189,Baggit Women's Laptop Bag - Large (Blue),"₹ 1,250",5.0 out of 5 stars,1 rating
https://www.amazon.in/SIDRUM-Shoulder-Adjustable-Compatible-Mirrorless/dp/B09P74TZY8/ref=sr_1_186?crid=2M096C61O4MLT&keywords=bags&qid=1675245320&sprefix=ba%2Caps%2C283&sr=8-186,"SIDRUM WF-18 DSLR/SLR Camera Shoulder Bag Case with Adjustable Shoulder Strap & Rain Cover, Compatible for Nikon, Canon, Sony Mirrorless Cameras - Waterproof - Breathable - Anti Shock (Orange-Black)",₹ 664,4.4 out of 5 stars,805 ratings
https://www.amazon.in/PETRICE-Multifunctional-Travel-Makeup-Organiser/dp/B07W22LC2D/ref=sr_1_185?crid=2M096C61O4MLT&keywords=bags&qid=1675245320&sprefix=ba%2Caps%2C283&sr=8-185,PETRICE Multifunctional Travel Bag Extra Large Makeup Organiser with Hook (Navy Blue),₹ 499,4.2 out of 5 stars,"1,770 ratings"
https://www.amazon.in/Leatherette-Executive-messenger-multiple-compartments/dp/B099NM8621/ref=sr_1_184?crid=2M096C61O4MLT&keywords=bags&qid=1675245320&sprefix=ba%2Caps%2C283&sr=8-184,"Zipline Synthetic Leather Executive SMALL messenger bag Briefcase for upto 13"" Laptop/Tablet for men women with multiple compartments (1-Tan Bag)",₹ 938,3.9 out of 5 stars,335 ratings
https://www.amazon.in/PALAY%C2%AE-Multifunctional-Pattern-Accommodate-Shoulder/dp/B09FJZJVP8/ref=sr_1_183?crid=2M096C61O4MLT&keywords=bags&qid=1675245320&sprefix=ba%2Caps%2C283&sr=8-183,PALAY® Crossbody Phone Bags For Women 3 Layers Small Multifunctional Mobile Pouch Sling Bags For Girls Latest Travel Cell Phone Purses Pouch Sport Shoulder Bag,₹ 552,4.4 out of 5 stars,275 ratings
https://www.amazon.in/ADISA-SL5038-women-girls-sling/dp/B08Q4FHQLN/ref=sr_1_182?crid=2M096C61O4MLT&keywords=bags&qid=1675245320&sprefix=ba%2Caps%2C283&sr=8-182,ADISA Women's Sling Bag,₹ 575,4.0 out of 5 stars,"2,560 ratings"
https://www.amazon.in/15-6-inch-Briefcase-Resistant-Waterproof-Compatible/dp/B0966F821Q/ref=sr_1_181?crid=2M096C61O4MLT&keywords=bags&qid=1675245320&sprefix=ba%2Caps%2C283&sr=8-181,"SABUZ BAG 15.6-inch Laptop Computer Briefcase,Water Resistant, Business Bag with Waterproof Zipper,Shoulder Bag Handbag,Compatible with laptop MacBook Notebook,for MeN&Women (GREY)",₹ 749,3.7 out of 5 stars,213 ratings
https://www.amazon.in/VISMIINTREND-Fashion-Backpack-Girlfriend-Valentine/dp/B0BC9LX3KW/ref=sr_1_180?crid=2M096C61O4MLT&keywords=bags&qid=1675245320&sprefix=ba%2Caps%2C283&sr=8-180,VISMIINTREND Fashion Vegan Leather Anti Theft Backpack Purse Bags for Women and Girls | Sling | Casual | Bagpack | College | Work Bag | Gifts for Women | Gift for Sister | Valentine | Girlfriend | Wife,"₹ 1,310",4.3 out of 5 stars,941 ratings
https://www.amazon.in/Kraptick-backpack-maternity-nursing-mothers/dp/B0BFWJFS62/ref=sr_1_179?crid=2M096C61O4MLT&keywords=bags&qid=1675245320&sprefix=ba%2Caps%2C283&sr=8-179,"Kraptick Diaper bag backpack, diaper bags for mom for travel, baby diaper bag, maternity bags for mother and baby, nursing bags for mothers, diaper bag handbag",₹ 975,5.0 out of 5 stars,2 ratings
https://www.amazon.in/Blue-Tree-Bagpack-Cartoons-Spiderman/dp/B07Z6FRTY3/ref=sr_1_180?crid=2M096C61O4MLT&keywords=bags&qid=1675245380&sprefix=ba%2Caps%2C283&sr=8-180,Blue Tree Kid's School Bagpack 3-5 Years 11 litres Cartoons Soft Toy Bag Gift for Kids (Spider red),₹ 299,3.9 out of 5 stars,"1,020 ratings"
https://www.amazon.in/Nivia-5227-Junior-Others-Orange/dp/B08D7QKCX5/ref=sr_1_179?crid=2M096C61O4MLT&keywords=bags&qid=1675245380&sprefix=ba%2Caps%2C283&sr=8-179,"Nivia 5227 Pulse Junior Bag, Others (Orange) (ORNAGE)",₹ 369,3.7 out of 5 stars,139 ratings
https://www.amazon.in/American-Tourister-Polypropylene-LG4-002_Crimson/dp/B0BB2LKNXG/ref=sr_1_178?crid=2M096C61O4MLT&keywords=bags&qid=1675245380&sprefix=ba%2Caps%2C283&sr=8-178,American Tourister KAMILIANT Polypropylene Hard 68 cms Luggage (LG4 (0) 00 002_Crimson)(46×68×28) cm Travel Bag,"₹ 2,799",4.2 out of 5 stars,119 ratings
https://www.amazon.in/Baggit-Womens-Hobo-Handbag-Green/dp/B097C2T2DS/ref=sr_1_177?crid=2M096C61O4MLT&keywords=bags&qid=1675245380&sprefix=ba%2Caps%2C283&sr=8-177,Baggit Women's PEPSI Sling Bag,₹ 812,4.3 out of 5 stars,"1,922 ratings"
https://www.amazon.in/Alifiya-Polyester-MacBook-Charger-Grey_L26/dp/B09GP79C4C/ref=sr_1_176?crid=2M096C61O4MLT&keywords=bags&qid=1675245380&sprefix=ba%2Caps%2C283&sr=8-176,Alifiya Polyester MacBook Laptop Sleeve Bag 16 Inch with Charger Pouch (Grey_L26),₹ 384,4.2 out of 5 stars,90 ratings
https://www.amazon.in/Aristocrat-Unisex-Premium-Poleyester-Fabric/dp/B09ZV9MSFQ/ref=sr_1_175?crid=2M096C61O4MLT&keywords=bags&qid=1675245380&sprefix=ba%2Caps%2C283&sr=8-175,Aristocrat Unisex Black Premium Poleyester Fabric 26L Laptop Bags,₹ 654,3.7 out of 5 stars,36 ratings
https://www.amazon.in/Half-Moon-Curiosity-Backpack-Resistant/dp/B09S3ZK3N1/ref=sr_1_174?crid=2M096C61O4MLT&keywords=bags&qid=1675245380&sprefix=ba%2Caps%2C283&sr=8-174,Half Moon Curiosity 35L Travel Laptop College School Backpack Water Resistant Slim Durable Fits 15.6 Inch Laptop Notebook with Rain cover (Navy Blue),₹ 849,3.7 out of 5 stars,162 ratings
https://www.amazon.in/PLAYY-BAGS-Backpack-College-Students/dp/B099N8JRVJ/ref=sr_1_173?crid=2M096C61O4MLT&keywords=bags&qid=1675245380&sprefix=ba%2Caps%2C283&sr=8-173,PLAYY BAGS Large 35 L Laptop Bag/Backpack for Men Women Boys Girls/Office School College Teens & Students(Navy Blue),₹ 599,3.3 out of 5 stars,110 ratings
https://www.amazon.in/BennettTM-Mystic-Shoulder-Messenger-Repellent/dp/B09321GJXZ/ref=sr_1_170?crid=2M096C61O4MLT&keywords=bags&qid=1675245380&sprefix=ba%2Caps%2C283&sr=8-170,Bennett™ Mystic 15.6 inch (39.6cm) Laptop Briefcase Shoulder Sling Office Business Professional Travel Messenger Bag for Men and Women Water Repellent Formal Executive Bags (Grey) 6 Months Warranty,₹ 512,4.1 out of 5 stars,"4,855 ratings"
https://www.amazon.in/BennettTM-Shoulder-Messenger-Repellent-Charcoal/dp/B09CV24TMK/ref=sr_1_169?crid=2M096C61O4MLT&keywords=bags&qid=1675245380&sprefix=ba%2Caps%2C283&sr=8-169,Bennett™ Mystic Unisex Adult Men's Laptop Bag 15.6 inch Side Shoulder Briefcase Satchel Messenger Business Bags for Men & Women Front Pocket for Laptop Accessories - Black (6 Month Warranty),₹ 512,4.1 out of 5 stars,"4,855 ratings"
https://www.amazon.in/Terminator-Unisex-Laptop-Backpack-School/dp/B0BSV5ZYGC/ref=sr_1_168?crid=2M096C61O4MLT&keywords=bags&qid=1675245380&sprefix=ba%2Caps%2C283&sr=8-168,Terminator Large 55 L Unisex Laptop Backpack For School/Office/Travel/Casual and Fits Upto 17 Inch Laptop,₹ 699,null,null
https://www.amazon.in/TULMAN-Stylish-Messenger-Shoulder-Bag/dp/B07Q74QLHT/ref=sr_1_167?crid=2M096C61O4MLT&keywords=bags&qid=1675245380&sprefix=ba%2Caps%2C283&sr=8-167,TULMAN Canvas Travel Sling Bag Cross Body One side Shoulder College Bag for Men & Women - 30 x 13 x 26 CM - Olive Green,₹ 799,4.0 out of 5 stars,364 ratings
https://www.amazon.in/PALAY%C2%AE-Crossbody-Mobile-Leather-Shoulder/dp/B09GYGRB56/ref=sr_1_166?crid=2M096C61O4MLT&keywords=bags&qid=1675245380&sprefix=ba%2Caps%2C283&sr=8-166,PALAY Women's Small Cross-Body Phone Bag Stylish PU Leather Mobile Cell Phone Holder Pocket Purse Wallet Sling Bag Mini Shoulder Bags,₹ 784,4.3 out of 5 stars,"1,039 ratings"
https://www.amazon.in/Pigeon-Breast-Milk-Storage-Pieces/dp/B01M5DGMZ9/ref=sr_1_165?crid=2M096C61O4MLT&keywords=bags&qid=1675245380&sprefix=ba%2Caps%2C283&sr=8-165,"Pigeon Breast Milk Storage Bag,Secure Seal & easy Storage,Hygienic Breast Milk Storage,Leak Proof,Zipper Zeal Breast Milk Storage,5 pcs",₹ 115,4.3 out of 5 stars,442 ratings
https://www.amazon.in/Genie-Plaids-Latest-Backpack-Collection/dp/B0893ZWXQJ/ref=sr_1_164?crid=2M096C61O4MLT&keywords=bags&qid=1675245380&sprefix=ba%2Caps%2C283&sr=8-164,Genie Plaids 19 Maroon Backpack Collection,"₹ 1,099",4.4 out of 5 stars,333 ratings
https://www.amazon.in/Gear-Vintage2-Leather-Backpack-LBPVG2LTH1901/dp/B07G4F3758/ref=sr_1_163?crid=2M096C61O4MLT&keywords=bags&qid=1675245380&sprefix=ba%2Caps%2C283&sr=8-163,Gear Vintage2 Anti Theft Faux Leather 18 cms Tan Laptop Backpack,"₹ 1,033",4.4 out of 5 stars,"1,404 ratings"
https://www.amazon.in/Pigeon-Breast-Milk-Storage-Pieces/dp/B01M5DGMZ9/ref=sr_1_164?crid=2M096C61O4MLT&keywords=bags&qid=1675245445&sprefix=ba%2Caps%2C283&sr=8-164,"Pigeon Breast Milk Storage Bag,Secure Seal & easy Storage,Hygienic Breast Milk Storage,Leak Proof,Zipper Zeal Breast Milk Storage,5 pcs",₹ 115,4.3 out of 5 stars,442 ratings
https://www.amazon.in/Gear-Vintage2-Leather-Backpack-LBPVG2LTH1901/dp/B07G4F3758/ref=sr_1_163?crid=2M096C61O4MLT&keywords=bags&qid=1675245445&sprefix=ba%2Caps%2C283&sr=8-163,Gear Vintage2 Anti Theft Faux Leather 18 cms Tan Laptop Backpack,"₹ 1,033",4.4 out of 5 stars,"1,404 ratings"
https://www.amazon.in/American-Tourister-27O-70-003/dp/B073XL19QZ/ref=sr_1_162?crid=2M096C61O4MLT&keywords=bags&qid=1675245445&sprefix=ba%2Caps%2C283&sr=8-162,American Tourister Jamaica 80CM Wine RED Soft Suitcase,"₹ 4,799",4.3 out of 5 stars,"5,234 ratings"
https://www.amazon.in/uppercase-Backpack-2300EBP1-repellent-sustainable/dp/B0B69M182Q/ref=sr_1_161?crid=2M096C61O4MLT&keywords=bags&qid=1675245445&sprefix=ba%2Caps%2C283&sr=8-161,"uppercase Medium 17 Ltrs Vegan Leather (14.6 inch) Laptop Backpack 2300EBP1 3x more water resistant sustainable bags with rain proof zippers for Men, Women, Boys and Girls, 750 Days warranty (Green)","₹ 1,600",4.0 out of 5 stars,108 ratings
https://www.amazon.in/StarX-Compact-Nylon-Mesh-Medium-Orange/dp/B01NBTOX54/ref=sr_1_160?crid=2M096C61O4MLT&keywords=bags&qid=1675245445&sprefix=ba%2Caps%2C283&sr=8-160,StarX Nylon 15 Cms Gym Bag(Orange Bag_Orange),₹ 237,3.7 out of 5 stars,134 ratings
https://www.amazon.in/ASTRID-Black-Textured-Laptop-Accessory/dp/B09Z2G37YY/ref=sr_1_159?crid=2M096C61O4MLT&keywords=bags&qid=1675245445&sprefix=ba%2Caps%2C283&sr=8-159,ASTRID Women's 17'' Black and White Textured Laptop Bag With Accessory Pouch,₹ 999,3.9 out of 5 stars,55 ratings
https://www.amazon.in/Gear-Black-Casual-Backpack-MDBKPECO50104/dp/B0757MBSS6/ref=sr_1_158?crid=2M096C61O4MLT&keywords=bags&qid=1675245445&sprefix=ba%2Caps%2C283&sr=8-158,Gear Casual Backpack,₹ 429,3.8 out of 5 stars,"2,037 ratings"
https://www.amazon.in/ASTRID-Womens-Round-Sling-Pompoms/dp/B08VS8JBNK/ref=sr_1_157?crid=2M096C61O4MLT&keywords=bags&qid=1675245445&sprefix=ba%2Caps%2C283&sr=8-157,ASTRID Women's Round Sling Bag with Pompoms (Brown),₹ 499,4.4 out of 5 stars,294 ratings
https://www.amazon.in/Genie-Flamenco2-Backpack-Compatible-Resistant/dp/B08YF9VHTY/ref=sr_1_154?crid=2M096C61O4MLT&keywords=bags&qid=1675245445&sprefix=ba%2Caps%2C283&sr=8-154,Genie Flamenco2 Casual Backpacks for Women,₹ 699,4.3 out of 5 stars,"1,324 ratings"
https://www.amazon.in/Fristo-FRB-315-Red-Women-Handbag/dp/B07MNRTDK5/ref=sr_1_153?crid=2M096C61O4MLT&keywords=bags&qid=1675245445&sprefix=ba%2Caps%2C283&sr=8-153,Fristo Women's Handbag (FRB-315_Red),₹ 498,3.9 out of 5 stars,"5,539 ratings"
https://www.amazon.in/Tabelito-Laptop-Backpack-15-6-inch-Repellent/dp/B08Y3KCN32/ref=sr_1_152?crid=2M096C61O4MLT&keywords=bags&qid=1675245445&sprefix=ba%2Caps%2C283&sr=8-152,"Tabelito® Casual Laptop Bag 15.6-inch(39.6cm), 25 LTR Water Repellent Backpack Office College School Business Travel Bags for Men Women Boys & Girls (Blue)",₹ 548,4.2 out of 5 stars,"1,497 ratings"
https://www.amazon.in/Lunars-Comet-Resistant-Casual-Backpack/dp/B07WNFN1XS/ref=sr_1_151?crid=2M096C61O4MLT&keywords=bags&qid=1675245445&sprefix=ba%2Caps%2C283&sr=8-151,Lunar's Comet 35L Water Resistant Travel Bagpack/College Backpack/School Bag/Office Bag/Business Backpack/Daypack for Men and Women with 1 Year Warranty,₹ 799,4.0 out of 5 stars,"12,794 ratings"
https://www.amazon.in/Asus-BP1504-15-6-inch-Laptop-Backpack/dp/B0895ZZHKK/ref=sr_1_150?crid=2M096C61O4MLT&keywords=bags&qid=1675245445&sprefix=ba%2Caps%2C283&sr=8-150,Asus BP1504 39.62 cm (15.6-inch) Laptop Backpack (Dark Grey),₹ 774,4.2 out of 5 stars,"1,480 ratings"
https://www.amazon.in/Hammonds-Flycatcher-Messenger-Compartment-LB106BR/dp/B07P2TQH78/ref=sr_1_149?crid=2M096C61O4MLT&keywords=bags&qid=1675245445&sprefix=ba%2Caps%2C283&sr=8-149,Hammonds Flycatcher Genuine Leather Executive Formal Office Bag | Shoulder Laptop Messenger Bag for Men | MacBook|Notebook Upto 16 Inch| Crossbody Handbags with Shoulder Straps | Brown | LB106BR,"₹ 2,705",4.3 out of 5 stars,"4,562 ratings"
https://www.amazon.in/F-Gear-Tycoon-Laptop-Backpack/dp/B071XJ6XV5/ref=sr_1_148?crid=2M096C61O4MLT&keywords=bags&qid=1675245445&sprefix=ba%2Caps%2C283&sr=8-148,F Gear Tycoon 27 Liters Laptop Backpack Sch Bag(Black),"₹ 1,168",4.4 out of 5 stars,202 ratings
https://www.amazon.in/Lenovo-Laptop-Backpack-15-6-Inch-GX40Q17225/dp/B075Y72PHZ/ref=sr_1_147?crid=2M096C61O4MLT&keywords=bags&qid=1675245445&sprefix=ba%2Caps%2C283&sr=8-147,Lenovo Casual Laptop Backpack B210 15.6-inch(39.6cm) Water Repellent Black,₹ 899,4.2 out of 5 stars,"53,009 ratings"
https://www.amazon.in/Lenovo-Laptop-Backpack-15-6-Inch-GX40Q17225/dp/B075Y72PHZ/ref=sr_1_148?crid=2M096C61O4MLT&keywords=bags&qid=1675245511&sprefix=ba%2Caps%2C283&sr=8-148,Lenovo Casual Laptop Backpack B210 15.6-inch(39.6cm) Water Repellent Black,₹ 899,4.2 out of 5 stars,"53,009 ratings"
https://www.amazon.in/Police-Polyester-laptop-casual-backpack/dp/B09CQ5T3LN/ref=sr_1_147?crid=2M096C61O4MLT&keywords=bags&qid=1675245511&sprefix=ba%2Caps%2C283&sr=8-147,POLICE Backpack for Men Casual Laptop Bag Office / Travel / College 30 Ltr Hedge Polyester - Black,"₹ 1,399",4.2 out of 5 stars,"5,140 ratings"
https://www.amazon.in/F-Gear-String-LTR-Gym-Bag/dp/B07L4ZNBPQ/ref=sr_1_146?crid=2M096C61O4MLT&keywords=bags&qid=1675245511&sprefix=ba%2Caps%2C283&sr=8-146,F Gear String 13 Ltr Gym Bag (Black),₹ 189,4.2 out of 5 stars,33 ratings
https://www.amazon.in/Storite-Cross-Travel-Dark-Grey/dp/B07PFF4RYC/ref=sr_1_145?crid=2M096C61O4MLT&keywords=bags&qid=1675245511&sprefix=ba%2Caps%2C283&sr=8-145,Storite Stylish Padded Small Nylon Sling Cross Body Travel Office Business Messenger Bag for Men Women (25x16x7.5cm) (Dark Grey),₹ 449,4.1 out of 5 stars,"8,049 ratings"
https://www.amazon.in/Gear-Expandable-RainCover-Grey-Black-TLPTURBO00401/dp/B097KDRZ67/ref=sr_1_144?crid=2M096C61O4MLT&keywords=bags&qid=1675245511&sprefix=ba%2Caps%2C283&sr=8-144,Gear Turbo 45L Expandable Water Resistant Antitheft Laptop Bag/Backpack/Briefcase For Men/Women With Raincover (Grey),"₹ 1,568",4.4 out of 5 stars,753 ratings
https://www.amazon.in/Shalimar-Capacity-Travel-Storage-Duffel/dp/B09TPHFMX7/ref=sr_1_143?crid=2M096C61O4MLT&keywords=bags&qid=1675245511&sprefix=ba%2Caps%2C283&sr=8-143,"SHALIMAR large capacity Travel bag / Storage bag / Move-in bags/ Duffel Bag - Strong, Durable , Foldable and Water Resistant ( Pack of 1 ) ( Blue )",₹ 247,4.1 out of 5 stars,267 ratings
https://www.amazon.in/F-Gear-Enzo-Red-Sports-Waist-Bag/dp/B0862LF7HS/ref=sr_1_142?crid=2M096C61O4MLT&keywords=bags&qid=1675245511&sprefix=ba%2Caps%2C283&sr=8-142,F Gear Enzo Sports Waist Bag (.Red),₹ 197,4.2 out of 5 stars,750 ratings
https://www.amazon.in/POLESTAR-Navyorg-Casual-bagpack-Backpack/dp/B0844R2GMK/ref=sr_1_141?crid=2M096C61O4MLT&keywords=bags&qid=1675245511&sprefix=ba%2Caps%2C283&sr=8-141,"POLESTAR Space 34 L Bag for College, School, Office, Casual Multipurpose Backpack with 15.6"" Laptop Compartment, Water Resistant, Unisex Design, Stylish & Durable, 1 Year Warranty",₹ 549,4.0 out of 5 stars,"6,042 ratings"
https://www.amazon.in/SACCI-MUCCI-Allamanda-Lightweight-SM1-10_magnolia/dp/B09TDNZ88Z/ref=sr_1_138?crid=2M096C61O4MLT&keywords=bags&qid=1675245511&sprefix=ba%2Caps%2C283&sr=8-138,"SACCI MUCCI Women's Rainbow Sling Bag, Handmade Bags for Females - 100% Vegan Leather and Coated Duck canvas Fabric, Lightweight and Durable",₹ 449,4.3 out of 5 stars,554 ratings
https://www.amazon.in/Aavishkar-Polyster-Weight-Laptop-Backpack/dp/B08DLL3794/ref=sr_1_137?crid=2M096C61O4MLT&keywords=bags&qid=1675245511&sprefix=ba%2Caps%2C283&sr=8-137,Truvic Polyster Black Light Weight Laptop Bag 30 ltrs Laptop Backpack for Upto 15.6 inch Laptop (Black),₹ 599,3.4 out of 5 stars,629 ratings
https://www.amazon.in/Aristocrat-Spark-Polyester-Small-Duffle/dp/B0B6CF261N/ref=sr_1_136?crid=2M096C61O4MLT&keywords=bags&qid=1675245511&sprefix=ba%2Caps%2C283&sr=8-136,Aristocrat Spark 53cm Polyester Small Red Duffle Bag,₹ 969,4.3 out of 5 stars,59 ratings
https://www.amazon.in/FUR-JADEN-Backpack-Accessories-Organiser/dp/B0BSHBH9K2/ref=sr_1_135?crid=2M096C61O4MLT&keywords=bags&qid=1675245511&sprefix=ba%2Caps%2C283&sr=8-135,"FUR JADEN 15.6 Inch Smart Laptop Backpack Bag With USB Charging Port, Anti Theft Pocket and Accessories Organiser for Men Women Boys Girls",₹ 999,4.8 out of 5 stars,34 ratings
https://www.amazon.in/Hoteon-Backpack-Anti-Theft-Earphone-Resistant/dp/B08T96KXTF/ref=sr_1_134?crid=2M096C61O4MLT&keywords=bags&qid=1675245511&sprefix=ba%2Caps%2C283&sr=8-134,"Golden Wolf Laptop Bag Business Anti-theft Backpack with Lock, Water Resistant College School Laptop Backpack with Rain Cover and USB Port Earphone Port, Backpack for 15.6-inch Laptop 25 L Travel Bag for Women and Men Gifts, Light Grey","₹ 1,946",4.4 out of 5 stars,"3,184 ratings"
https://www.amazon.in/ADISA-Womens-Sling-SL5059-CRE_Off-White/dp/B09154JPWQ/ref=sr_1_133?crid=2M096C61O4MLT&keywords=bags&qid=1675245511&sprefix=ba%2Caps%2C283&sr=8-133,ADISA Women's Quilted Cross Body Sling Bag,₹ 399,4.1 out of 5 stars,"2,146 ratings"
https://www.amazon.in/Chic-Buddy-Waterproof-Swimsuits-Toiletries/dp/B09KSBHC18/ref=sr_1_132?crid=2M096C61O4MLT&keywords=bags&qid=1675245511&sprefix=ba%2Caps%2C283&sr=8-132,"Chic Buddy Waterproof Wet Bag, Washable, Reusable for Travel, Beach, Pool, Stroller, Diapers, Dirty Gym Clothes, Wet Swimsuits, Toiletries",null,4.5 out of 5 stars,255 ratings
https://www.amazon.in/Bennett-15-6-inch-College-Repellent-Backpack/dp/B09WZKHSDR/ref=sr_1_131?crid=2M096C61O4MLT&keywords=bags&qid=1675245511&sprefix=ba%2Caps%2C283&sr=8-131,"Bennett Casual Laptop Bag school bags for boys girls 15.6-inch, 25 LTR Office & College bags for mens Water Repellent Backpack for Men & Women (GREY)",₹ 512,3.9 out of 5 stars,344 ratings
https://www.amazon.in/SACCI-MUCCI-Allamanda-Lightweight-SM1-10_magnolia/dp/B09TDNZ88Z/ref=sr_1_132?crid=2M096C61O4MLT&keywords=bags&qid=1675245573&sprefix=ba%2Caps%2C283&sr=8-132,"SACCI MUCCI Women's Rainbow Sling Bag, Handmade Bags for Females - 100% Vegan Leather and Coated Duck canvas Fabric, Lightweight and Durable",₹ 449,4.3 out of 5 stars,554 ratings
https://www.amazon.in/HOT-DELIVERY-BAG-Insulated-waterproof/dp/B08VJ4VWGZ/ref=sr_1_131?crid=2M096C61O4MLT&keywords=bags&qid=1675245573&sprefix=ba%2Caps%2C283&sr=8-131,"HOT DELIVERY BAGS Insulated and Waterproof Door Hanging Bag for Milk Sachets and Bottles Storage, Durable and Light Weight (Sea Green)",₹ 649,4.5 out of 5 stars,249 ratings
https://www.amazon.in/Storage-Disposable-Freezer-Feeding-Transparent/dp/B099ZZ57FT/ref=sr_1_130?crid=2M096C61O4MLT&keywords=bags&qid=1675245573&sprefix=ba%2Caps%2C283&sr=8-130,"LuvLap Baby Breast Milk Storage Bags (Pack of 25), BPA Free Disposable Milk Freezer Bags for Breast Feeding, Transparent",null,4.4 out of 5 stars,515 ratings
https://www.amazon.in/AirCase-C34-Laptop-Backpack-Women/dp/B07QL8633G/ref=sr_1_129?crid=2M096C61O4MLT&keywords=bags&qid=1675245573&sprefix=ba%2Caps%2C283&sr=8-129,"AirCase Premium Backpack fits upto 15.6"" Laptop, Lightweight & Waterproof Vegan Leather, Spacious Unisex Bag for Office/ Travel/ College, Brown- With Warranty",₹ 999,4.0 out of 5 stars,961 ratings
https://www.amazon.in/ADISA-SL5022-black-women-girls/dp/B07NPXWFXX/ref=sr_1_128?crid=2M096C61O4MLT&keywords=bags&qid=1675245573&sprefix=ba%2Caps%2C283&sr=8-128,ADISA Women's & Girls' Sling Bag,₹ 495,4.1 out of 5 stars,"2,770 ratings"
https://www.amazon.in/Arctic-Fox-Liters-String-Backpack/dp/B08L6Q9V1H/ref=sr_1_127?crid=2M096C61O4MLT&keywords=bags&qid=1675245573&sprefix=ba%2Caps%2C283&sr=8-127,Arctic Fox 15 Liters Draw String Bag Lavender Backpack,₹ 229,4.3 out of 5 stars,"2,850 ratings"
https://www.amazon.in/YuvKuz-TM-Infocus-Digitizer-Assembly/dp/B07MXNWTB2/ref=sr_1_126?crid=2M096C61O4MLT&keywords=bags&qid=1675245573&sprefix=ba%2Caps%2C283&sr=8-126,Lavie Women's Nova Tote Bag | Ladies Purse Handbag,₹ 824,4.2 out of 5 stars,"7,317 ratings"
https://www.amazon.in/Wesley-Briefcase-Professional-Messenger-Resistant/dp/B08K7PN23C/ref=sr_1_125?crid=2M096C61O4MLT&keywords=bags&qid=1675245573&sprefix=ba%2Caps%2C283&sr=8-125,Wesley Xenon Laptop Bag,₹ 498,4.0 out of 5 stars,"1,060 ratings"
https://www.amazon.in/DZert-School-Plush-Backpacks-Cartoon/dp/B08BCP78YF/ref=sr_1_122?crid=2M096C61O4MLT&keywords=bags&qid=1675245573&sprefix=ba%2Caps%2C283&sr=8-122,DZert Kids School Bag Soft Plush Backpacks Cartoon Boys Girls Baby (2-5 Years),null,3.7 out of 5 stars,"2,947 ratings"
https://www.amazon.in/LL-LEATHER-LAND-DESIGNER-BAGS/dp/B0BD4TTDHD/ref=sr_1_121?crid=2M096C61O4MLT&keywords=bags&qid=1675245573&sprefix=ba%2Caps%2C283&sr=8-121,LL LEATHER LAND DESIGNER BAGS Sling Bag_SLG_90,₹ 299,4.0 out of 5 stars,"1,545 ratings"
https://www.amazon.in/Lunars-Bingo-Laptop-Resistant-48L/dp/B08YZ5XY31/ref=sr_1_120?crid=2M096C61O4MLT&keywords=bags&qid=1675245573&sprefix=ba%2Caps%2C283&sr=8-120,Lunar's Bingo - 48 L Laptop Office/School/Travel/Business Backpack Water Resistant - Fits Up to 15.6 Inch Laptop Notebook with 1 Year Warranty,₹ 899,3.9 out of 5 stars,"8,750 ratings"
https://www.amazon.in/Classic-Leather-Laptop-Backpack-LBPCLSLTH1901/dp/B07G4CYC74/ref=sr_1_119?crid=2M096C61O4MLT&keywords=bags&qid=1675245573&sprefix=ba%2Caps%2C283&sr=8-119,Gear Classic 20L Faux Leather Water Resistant Anti Theft Laptop Bag/Backpack for Men/Women-Tan,₹ 999,4.4 out of 5 stars,"2,267 ratings"
https://www.amazon.in/HP-Lightweight-100-Black-Backpack/dp/B08CY1YXCK/ref=sr_1_118?crid=2M096C61O4MLT&keywords=bags&qid=1675245573&sprefix=ba%2Caps%2C283&sr=8-118,HP 100 Lightweight Backpack for 15.6-inch Laptop with Elastic and Padded Shoulder Straps (Black),₹ 896,4.0 out of 5 stars,515 ratings
https://www.amazon.in/F-Gear-Blow-Laptop-Backpack/dp/B078J63VRY/ref=sr_1_117?crid=2M096C61O4MLT&keywords=bags&qid=1675245573&sprefix=ba%2Caps%2C283&sr=8-117,"F Gear Blow Laptop Backpack With Rain Cover 32 Liters (Black,Grey) Sch Bag","₹ 1,039",4.3 out of 5 stars,"1,244 ratings"
https://www.amazon.in/DZert-Kids-Grey-School-Years/dp/B07QD1M3R9/ref=sr_1_116?crid=2M096C61O4MLT&keywords=bags&qid=1675245573&sprefix=ba%2Caps%2C283&sr=8-116,DZert Kids School Bag Soft Plush Backpacks Cartoon Boys Girls Baby (2-5 Years),null,3.7 out of 5 stars,"2,947 ratings"
https://www.amazon.in/Blowzy-Bags-Leather-Shoulder-Messenger/dp/B08M25YYRR/ref=sr_1_115?crid=2M096C61O4MLT&keywords=bags&qid=1675245573&sprefix=ba%2Caps%2C283&sr=8-115,Blowzy Bags PU Leather 15.6 inch Laptop Shoulder Messenger Sling Office Bag for Men & Women (Tan),₹ 527,4.0 out of 5 stars,901 ratings
https://www.amazon.in/Blowzy-Bags-Leather-Shoulder-Messenger/dp/B08M25YYRR/ref=sr_1_116?crid=2M096C61O4MLT&keywords=bags&qid=1675245633&sprefix=ba%2Caps%2C283&sr=8-116,Blowzy Bags PU Leather 15.6 inch Laptop Shoulder Messenger Sling Office Bag for Men & Women (Tan),₹ 527,4.0 out of 5 stars,901 ratings
https://www.amazon.in/Tabelito-Laptop-Backpack-15-6-inch-Repellent/dp/B08Y5S6C2P/ref=sr_1_115?crid=2M096C61O4MLT&keywords=bags&qid=1675245633&sprefix=ba%2Caps%2C283&sr=8-115,"Tabelito® Casual Laptop Bag 15.6inch (39.6 cm) , 25 LTR Office College School Bags Business Travel Backpack for Men Women Water Resistant Bags(BLACK)",₹ 548,4.2 out of 5 stars,"1,497 ratings"
https://www.amazon.in/Classic-Leather-Laptop-Backpack-LBPCLSLTH1901/dp/B07G4CYC74/ref=sr_1_114?crid=2M096C61O4MLT&keywords=bags&qid=1675245633&sprefix=ba%2Caps%2C283&sr=8-114,Gear Classic 20L Faux Leather Water Resistant Anti Theft Laptop Bag/Backpack for Men/Women-Tan,₹ 999,4.4 out of 5 stars,"2,267 ratings"
https://www.amazon.in/HP-Lightweight-100-Black-Backpack/dp/B08CY1YXCK/ref=sr_1_113?crid=2M096C61O4MLT&keywords=bags&qid=1675245633&sprefix=ba%2Caps%2C283&sr=8-113,HP 100 Lightweight Backpack for 15.6-inch Laptop with Elastic and Padded Shoulder Straps (Black),₹ 896,4.0 out of 5 stars,515 ratings
https://www.amazon.in/Storite-Leather-Sling-Bag-Brown/dp/B08TR8RMNH/ref=sr_1_112?crid=2M096C61O4MLT&keywords=bags&qid=1675245633&sprefix=ba%2Caps%2C283&sr=8-112,"Storite Stylish Small PU Leather Sling Cross Body Travel Office Messenger One Side Shoulder Bag for Men Women(Brown, 20.5x9x16.5cm)",₹ 849,4.1 out of 5 stars,810 ratings
https://www.amazon.in/American-Tourister-AMT-SCH-BAG01/dp/B07CJCFNZG/ref=sr_1_111?crid=2M096C61O4MLT&keywords=bags&qid=1675245633&sprefix=ba%2Caps%2C283&sr=8-111,American Tourister Casual Backpack,"₹ 1,099",4.1 out of 5 stars,"14,181 ratings"
https://www.amazon.in/Wesley-briefcase-professional-Briefcase-messenger/dp/B0BJVDN7VT/ref=sr_1_110?crid=2M096C61O4MLT&keywords=bags&qid=1675245633&sprefix=ba%2Caps%2C283&sr=8-110,Wesley office Laptop Bag briefcase notebook professional business 15.6 Inch Briefcase messenger sling Water resistant Laptop Bag Tablet Business Carrying Handbag for Women and Men (Charcoal Black),₹ 471,4.0 out of 5 stars,"1,060 ratings"
https://www.amazon.in/Red-Lemon-Backpack-Multifunctional-Charcoal/dp/B0BGSV19KZ/ref=sr_1_109?crid=2M096C61O4MLT&keywords=bags&qid=1675245633&sprefix=ba%2Caps%2C283&sr=8-109,Red Lemon Swiss Cut Design Medium 26 L Laptop Backpack Outdoor Backpack fits 15.6 inch Multifunctional Laptop Bag Backpack for Men and Women with USB port Anti Theft Travel Backpack,"₹ 1,899",4.4 out of 5 stars,423 ratings
https://www.amazon.in/Lenovo-Professional-Backpack-Water-resistant-Uncompromised/dp/B08R7S55H4/ref=sr_1_106?crid=2M096C61O4MLT&keywords=bags&qid=1675245633&sprefix=ba%2Caps%2C283&sr=8-106,"Lenovo 15.6"" Professional Backpack, Made in India, Water-resistant,Uncompromised storage, Travel friendly:Fleece-lined PC compartment,Vented,Padded BackPanel & Adjustable shoulder straps,Luggage strap","₹ 1,337",4.2 out of 5 stars,695 ratings
https://www.amazon.in/Baggit-Womens-Satchel-Handbag-Grey/dp/B098TKJG1L/ref=sr_1_105?crid=2M096C61O4MLT&keywords=bags&qid=1675245633&sprefix=ba%2Caps%2C283&sr=8-105,Baggit Women's Sling Bag (Grey),₹ 837,4.3 out of 5 stars,776 ratings
https://www.amazon.in/Nivia-Deflate-5180BK-Polyester-Round/dp/B07222KX3S/ref=sr_1_104?crid=2M096C61O4MLT&keywords=bags&qid=1675245633&sprefix=ba%2Caps%2C283&sr=8-104,NIVIA Deflate Round 01 Polyester Gym Bag/Unisex Gym Bags/Adjustable Shoulder Bag for Men/Duffle Gym Bags for Men/Carry Gym Accessories/Fitness Bag/Sports &Travel Bag/Gym kit Bag,₹ 449,4.2 out of 5 stars,"7,165 ratings"
https://www.amazon.in/Lenovo-15-6-Inches-Everyday-Backpack/dp/B08R7RPVJF/ref=sr_1_103?crid=2M096C61O4MLT&keywords=bags&qid=1675245633&sprefix=ba%2Caps%2C283&sr=8-103,Lenovo Slim Everyday Backpack,₹ 839,4.4 out of 5 stars,"2,628 ratings"
https://www.amazon.in/Lunars-Router-Resistant-Raincover-Organiser/dp/B08YR63B9M/ref=sr_1_102?crid=2M096C61O4MLT&keywords=bags&qid=1675245633&sprefix=ba%2Caps%2C283&sr=8-102,"Lunar's 35 L Laptop Office/School/Travel/Business Backpack Water Proof - Fits Up to 15.6 Inch Laptop Notebook, With Raincover, Inside Organiser and 1 Year Warranty (All)",₹ 849,3.8 out of 5 stars,"1,032 ratings"
https://www.amazon.in/Wildcraft-Wolf_Blk-Casual-Backpack-11629-Wolf_Blk/dp/B079DDT65R/ref=sr_1_101?crid=2M096C61O4MLT&keywords=bags&qid=1675245633&sprefix=ba%2Caps%2C283&sr=8-101,Wildcraft 44 Ltrs Casual Backpack (11629-Wolf_Black),"₹ 1,575",4.3 out of 5 stars,"5,412 ratings"
https://www.amazon.in/Lunars-Travel-Laptop-Bag-compartments/dp/B08NHL52MK/ref=sr_1_100?crid=2M096C61O4MLT&keywords=bags&qid=1675245633&sprefix=ba%2Caps%2C283&sr=8-100,"Lunar's Unisex 50L Water Resistant Office/Travel/Business Laptop Backpack, Bag for up to 17.3 inch Laptop/MacBook with rain Cover and 2 Large compartments","₹ 1,199",4.0 out of 5 stars,"2,427 ratings"
https://www.amazon.in/Red-Lemon-Polyester-15-6-inch-Waterproof/dp/B07XYY2FW4/ref=sr_1_99?crid=2M096C61O4MLT&keywords=bags&qid=1675245633&sprefix=ba%2Caps%2C283&sr=8-99,Red Lemon Polyester Bange Series 15.6inch Laptop Bag for Men 35 LTR Capacity Daily Office Bag for Men and Women Black (1903),"₹ 2,849",4.2 out of 5 stars,152 ratings
https://www.amazon.in/ALIZA-Womens-Tote-Bag-Black/dp/B08JJ8RQNR/ref=sr_1_100?crid=2M096C61O4MLT&keywords=bags&qid=1675245695&sprefix=ba%2Caps%2C283&sr=8-100,ALIZA Women's Tote Bag,₹ 426,4.0 out of 5 stars,"7,618 ratings"
https://www.amazon.in/Storage-Disposable-Freezer-Feeding-Transparent/dp/B099ZVTNCP/ref=sr_1_99?crid=2M096C61O4MLT&keywords=bags&qid=1675245695&sprefix=ba%2Caps%2C283&sr=8-99,"LuvLap Baby Breast Milk Storage Bags (Pack of 50), BPA Free Disposable Milk Freezer Bags for Breast Feeding, Transparent",null,4.4 out of 5 stars,515 ratings
https://www.amazon.in/Gear-Classic-Leather-Backpack-LBPCLSLTH0519/dp/B07G4JQX2F/ref=sr_1_98?crid=2M096C61O4MLT&keywords=bags&qid=1675245695&sprefix=ba%2Caps%2C283&sr=8-98,Gear Classic 20L Faux Leather Water Resistant Anti Theft Laptop Bag/Backpack for Men/Women-Navy,₹ 999,4.4 out of 5 stars,"5,983 ratings"
https://www.amazon.in/SAFARI-Ltrs-Casual-Backpack-DAYPACKNEO15CBSEB/dp/B07Q7CNPMV/ref=sr_1_97?crid=2M096C61O4MLT&keywords=bags&qid=1675245695&sprefix=ba%2Caps%2C283&sr=8-97,SAFARI 15 Ltrs Sea Blue Casual/School/College Backpack (DAYPACKNEO15CBSEB),₹ 299,4.0 out of 5 stars,"17,769 ratings"
https://www.amazon.in/Half-Moon-Trekking-Bags-Compartment/dp/B08PSX1LN9/ref=sr_1_96?crid=2M096C61O4MLT&keywords=bags&qid=1675245695&sprefix=ba%2Caps%2C283&sr=8-96,Half Moon 45L Hammer Waterproof Laptop Travelling Rucksack Trekking Backpack for Travel Journey bags for Men Women Boys & Girls with 17.3inch Laptop Compartment & Rain cover,"₹ 1,299",4.1 out of 5 stars,897 ratings
https://www.amazon.in/Fostelo-Style-Diva-Womens-Handbag/dp/B00Z0NMFKU/ref=sr_1_95?crid=2M096C61O4MLT&keywords=bags&qid=1675245695&sprefix=ba%2Caps%2C283&sr=8-95,Fostelo Handbag For Women And Girls | Ladies Purse Faux Leather Satchel Bag | Woman Gifts | Wedding Gifts For Women | Women 2 Compartments Bag | Travel Purse Hobo Bag | 4 Pockets Shoulder Bag,₹ 569,3.9 out of 5 stars,"6,988 ratings"
https://www.amazon.in/PAZZO-Alto-40L-Casual-Backpack/dp/B07VT3F795/ref=sr_1_94?crid=2M096C61O4MLT&keywords=bags&qid=1675245695&sprefix=ba%2Caps%2C283&sr=8-94,"PAZZO Alto 40L Casual Backpack - 3 Compartment Travel Backpack, College|School Bag with 1 Year Warranty",₹ 799,4.0 out of 5 stars,"1,667 ratings"
https://www.amazon.in/Fargo-Handbag-Women-Girls-Light5pc/dp/B09N3K2ZCP/ref=sr_1_93?crid=2M096C61O4MLT&keywords=bags&qid=1675245695&sprefix=ba%2Caps%2C283&sr=8-93,Fargo Handbag For Women And Girls COMBO SET OF 5 (Light5pc),₹ 499,3.2 out of 5 stars,"2,952 ratings"
https://www.amazon.in/Capacity-Cosmetic-Portable-Cosmetics-Organizer/dp/B0BR123Z9J/ref=sr_1_90?crid=2M096C61O4MLT&keywords=bags&qid=1675245695&sprefix=ba%2Caps%2C283&sr=8-90,"ZANIC'S Large Capacity Cosmetic Travel Bag, Women's Makeup Travel Bag Portable Leather Cosmetics Bag, Makeup Storage Bags with Handle and Divider, Wide Opening Cosmetic/Makeup Organizer Bags (Pink)",₹ 749,4.6 out of 5 stars,25 ratings
https://www.amazon.in/Nivia-5177SB-Polyester-String-Blue/dp/B071XMLFTL/ref=sr_1_89?crid=2M096C61O4MLT&keywords=bags&qid=1675245695&sprefix=ba%2Caps%2C283&sr=8-89,NIVIA String Bag/Drawstring Bag/Sports Bag Boys/Polyester String Bag/Kit Bags/Drawstring Sports Bag/Dori Backpack/Gym Bag/String Bag Men Waterproof/Drawstring Backpack (Sky Blue),₹ 193,4.2 out of 5 stars,443 ratings
https://www.amazon.in/Trajectory-Elegant-15-6-Laptop-Office/dp/B09RK6NCGC/ref=sr_1_88?crid=2M096C61O4MLT&keywords=bags&qid=1675245695&sprefix=ba%2Caps%2C283&sr=8-88,"Trajectory Sigma Brown Elegant Vegan Leather Crossbody Messenger Office Bag for upto 15.6 Inch Laptop , MacBook , Notebook with Multiple Compartment Shoulder & Handbag for Men & Women with 2 Years Warranty","₹ 1,399",4.2 out of 5 stars,335 ratings
https://www.amazon.in/Gear-Bounce-Backpack-Grey-Orange-BKPBOUNCE0604/dp/B097KCLF5F/ref=sr_1_87?crid=2M096C61O4MLT&keywords=bags&qid=1675245695&sprefix=ba%2Caps%2C283&sr=8-87,Gear Bounce 27 Ltrs Water Resistant School Bag/Backpack/College Bag for Men/Women-Grey Orange,₹ 599,3.6 out of 5 stars,355 ratings
https://www.amazon.in/Gear-Vintage2-Leather-Backpack-LBPVG2LTH0201/dp/B07G4D13L7/ref=sr_1_86?crid=2M096C61O4MLT&keywords=bags&qid=1675245695&sprefix=ba%2Caps%2C283&sr=8-86,Gear Vintage2 28L Faux Leather Water Resistant Anti Theft Laptop Bag/Backpack for Men/Women-Brown,₹ 949,4.4 out of 5 stars,"3,580 ratings"
https://www.amazon.in/Sfane-Women-Trendy-Black-Duffel/dp/B07GCR84D9/ref=sr_1_85?crid=2M096C61O4MLT&keywords=bags&qid=1675245695&sprefix=ba%2Caps%2C283&sr=8-85,"Sfane Polyester 9.05 Black Men & Women Trendy Black Sports Duffle Gym Bag, Shoulder Bag",₹ 299,4.2 out of 5 stars,901 ratings
https://www.amazon.in/POLESTAR-Casual-bagpack-School-Backpack/dp/B07PQQ8M7B/ref=sr_1_84?crid=2M096C61O4MLT&keywords=bags&qid=1675245695&sprefix=ba%2Caps%2C283&sr=8-84,"POLESTAR Noble 32 L Bag for College, School, Office, Casual Multipurpose Backpack with 15.6"" Laptop Compartment, Water Resistant, Unisex Design, Stylish & Durable, 1 Year Warranty",₹ 579,4.0 out of 5 stars,"17,254 ratings"
https://www.amazon.in/Fostelo-CATLIN-Womens-Handbag-Maroon/dp/B079MD5F7R/ref=sr_1_83?crid=2M096C61O4MLT&keywords=bags&qid=1675245695&sprefix=ba%2Caps%2C283&sr=8-83,Fostelo Handbag For Women And Girls | Ladies Purse Faux Leather Satchel Bag | Woman Gifts | Wedding Gifts For Women | Women 3 Compartments Bag | Travel Purse Hobo Bag | 5 Pockets Shoulder Bag,₹ 569,4.1 out of 5 stars,"8,909 ratings"
https://www.amazon.in/TRAWOC-Backpack-Trekking-Rucksack-Warranty/dp/B0847PGZZM/ref=sr_1_84?crid=2M096C61O4MLT&keywords=bags&qid=1675245760&sprefix=ba%2Caps%2C283&sr=8-84,TRAWOC 80L Travel Backpack for Outdoor Sport Camp Hiking Trekking Bag Camping Rucksack HK007-PARENT,"₹ 2,380",4.4 out of 5 stars,"6,733 ratings"
https://www.amazon.in/wooum-Resistant-Material-Messenger-Compartment/dp/B0BQFHN15L/ref=sr_1_83?crid=2M096C61O4MLT&keywords=bags&qid=1675245760&sprefix=ba%2Caps%2C283&sr=8-83,wooum Water Resistant Material Sling Bag/One Side Bag/Shoulder Bag/Messenger Bag/Office Messenger Bag/Travel Side Bag with 14.1 Inch Laptop Compartment -,₹ 474.05,4.0 out of 5 stars,200 ratings
https://www.amazon.in/F-Gear-Raider-Marpat-Navy-Backpack/dp/B07F1157TV/ref=sr_1_82?crid=2M096C61O4MLT&keywords=bags&qid=1675245760&sprefix=ba%2Caps%2C283&sr=8-82,F Gear Raider 30 Liter Backpack with Rain Cover (.Marpat Navy Digital Camo),₹ 822,4.2 out of 5 stars,"2,869 ratings"
https://www.amazon.in/Nivia-6853BKGR-Polyester-Black-Grey/dp/B07NLB6FRS/ref=sr_1_81?crid=2M096C61O4MLT&keywords=bags&qid=1675245760&sprefix=ba%2Caps%2C283&sr=8-81,NIVIA Basic Duffle Polyester Bag/ Gym Bags/ Adjustable Shoulder Bag for Men/ Duffle Gym Bags for Men/ Fitness Bag/ Carry Bags/ Sports & Travel Bag/ Sports Kit/ Duffle Bags Travel (Black/Grey),₹ 239,3.9 out of 5 stars,326 ratings
https://www.amazon.in/Mammon-Womens-Leather-Handbag-4-teddy-pink/dp/B08N5F7P68/ref=sr_1_80?crid=2M096C61O4MLT&keywords=bags&qid=1675245760&sprefix=ba%2Caps%2C283&sr=8-80,Mammon Women's PU Leather Handbag Combo,₹ 534,3.4 out of 5 stars,"6,902 ratings"
https://www.amazon.in/Lino-Perros-Womens-Tote-Pink/dp/B07JN9G66H/ref=sr_1_79?crid=2M096C61O4MLT&keywords=bags&qid=1675245760&sprefix=ba%2Caps%2C283&sr=8-79,Lino Perros leatherette Tote Bag,₹ 988,4.3 out of 5 stars,"2,530 ratings"
https://www.amazon.in/Bennett-15-6-inch-College-Repellent-Backpack/dp/B09WZHX3B1/ref=sr_1_78?crid=2M096C61O4MLT&keywords=bags&qid=1675245760&sprefix=ba%2Caps%2C283&sr=8-78,"Bennett Casual Laptop Bag school bags for boys girls 15.6-inch, 25 LTR Office & College bags for mens Water Repellent Backpack for Men & Women (Black)",₹ 512,3.9 out of 5 stars,344 ratings
https://www.amazon.in/Tabelito-Office-Laptop-Briefcase-Women/dp/B08FKXCJNQ/ref=sr_1_77?crid=2M096C61O4MLT&keywords=bags&qid=1675245760&sprefix=ba%2Caps%2C283&sr=8-77,Tabelito® Laptop Bag For Men and women Briefcase 15.6 Inch (39.6 cm) Messenger Side Shoulder Travel bags for mens Water Resistant gifts office bag for men,₹ 549,4.0 out of 5 stars,"2,368 ratings"
https://www.amazon.in/VIP-Endura-Puller-Brown-Duffle/dp/B0B527KJQZ/ref=sr_1_74?crid=2M096C61O4MLT&keywords=bags&qid=1675245760&sprefix=ba%2Caps%2C283&sr=8-74,VIP Polypropylene 48 Cms Travel Bag(DFENDEBRN_Brown),₹ 899,4.4 out of 5 stars,332 ratings
https://www.amazon.in/COSMUS-Multipurpose-Backpack-Bag-compartment/dp/B078JVT384/ref=sr_1_73?crid=2M096C61O4MLT&keywords=bags&qid=1675245760&sprefix=ba%2Caps%2C283&sr=8-73,"COSMUS Madison waterproof Multipurpose Backpack With laptop compartment , 33L","₹ 1,196",4.2 out of 5 stars,"2,166 ratings"
https://www.amazon.in/Wesley-Milestone-Waterproof-Backpack-Business/dp/B07NJRPJ6Q/ref=sr_1_72?crid=2M096C61O4MLT&keywords=bags&qid=1675245760&sprefix=ba%2Caps%2C283&sr=8-72,Wesley Milestone 15.6 inch 25 L Casual Waterproof Laptop Backpack/Office Bag/School Bag/College Bag/Business Bag/Unisex Travel Backpack (Black),₹ 498,4.3 out of 5 stars,"12,099 ratings"
https://www.amazon.in/Safari-45L-21-OB-BLK/dp/B07BZ5VC4H/ref=sr_1_71?crid=2M096C61O4MLT&keywords=bags&qid=1675245760&sprefix=ba%2Caps%2C283&sr=8-71,Safari Seek 45 Ltrs Overnighter Expandable Travel Laptop Backpack,"₹ 2,211",4.5 out of 5 stars,"6,421 ratings"
https://www.amazon.in/Artistix-Backpack-Anti-Theft-Charging-Resistance/dp/B082PKX18C/ref=sr_1_70?crid=2M096C61O4MLT&keywords=bags&qid=1675245760&sprefix=ba%2Caps%2C283&sr=8-70,Artistix 25 ltrs (30 cms)backpack(Talon_40cm_black),₹ 999,4.3 out of 5 stars,"2,756 ratings"
https://www.amazon.in/DZert-Panda-School-Backpacks-Cartoon/dp/B07Y2BFJ1B/ref=sr_1_69?crid=2M096C61O4MLT&keywords=bags&qid=1675245760&sprefix=ba%2Caps%2C283&sr=8-69,DZert Kids School Bag Soft Plush Backpacks Cartoon Boys Girls Baby (2-5 Years),₹ 239,3.7 out of 5 stars,"10,947 ratings"
https://www.amazon.in/FATMUG-Laptop-Bag-Men-Convertible/dp/B084LF4RT5/ref=sr_1_68?crid=2M096C61O4MLT&keywords=bags&qid=1675245760&sprefix=ba%2Caps%2C283&sr=8-68,"FATMUG Laptop Bag For Men - Convertible Backpack For Office And Travel (Dark Grey ,Oxford Fabric)","₹ 1,499",4.4 out of 5 stars,"1,562 ratings"
https://www.amazon.in/Wesley-Milestone-Waterproof-Backpack-Business/dp/B07PLKV6D1/ref=sr_1_67?crid=2M096C61O4MLT&keywords=bags&qid=1675245760&sprefix=ba%2Caps%2C283&sr=8-67,Wesley Milestone 15.6 inch 25 L Casual Waterproof Laptop Backpack/Office Bag/School Bag/College Bag/Business Bag/Unisex Travel Backpack,₹ 498,4.3 out of 5 stars,"12,099 ratings"
https://www.amazon.in/Genie-Unicorn-School-Bags-Girls/dp/B09N9LYY8X/ref=sr_1_68?crid=2M096C61O4MLT&keywords=bags&qid=1675245829&sprefix=ba%2Caps%2C283&sr=8-68,"Genie Unicorn School Bags for Girls - 3 compartments | Stylish and Trendy College Bag for Girls | Easy to Carry Backpacks for Women, Unicorn design. Latest Collection. (Pink)",₹ 999,4.4 out of 5 stars,157 ratings
https://www.amazon.in/Veneer-Backpack-Fashion-Leather-College/dp/B09BMG8R6Y/ref=sr_1_67?crid=2M096C61O4MLT&keywords=bags&qid=1675245829&sprefix=ba%2Caps%2C283&sr=8-67,"Veneer Medium 20 L Laptop Backpack Men Womens Girls Fashion PU Leather Mini Casual Backpack Bags for School, College, Tuition, Office Bag",₹ 899,4.2 out of 5 stars,810 ratings
https://www.amazon.in/Wesley-Waterproof-Backpack-Business-Dimensions/dp/B0BMQ4D59H/ref=sr_1_66?crid=2M096C61O4MLT&keywords=bags&qid=1675245829&sprefix=ba%2Caps%2C283&sr=8-66,Wesley Ignite Casual Waterproof Laptop Backpack/Office Bag/School Bag/College Bag/Business Bag/Travel Backpack (Dimensions:13x18.5 inches) (Compatible with 39.62cm(15.6inch laptop),₹ 599,5.0 out of 5 stars,3 ratings
https://www.amazon.in/POLESTAR-backpack-Backpack-College-Students/dp/B08X2KR6T9/ref=sr_1_65?crid=2M096C61O4MLT&keywords=bags&qid=1675245829&sprefix=ba%2Caps%2C283&sr=8-65,"POLESTAR Enzo 15.6 inch 35 LTR Casual Laptop Backpack/Office Bag/School Bag/College Bag/Business Bag/Unisex Backpack , Water Resistant and Light Weight, 1 year Warranty",₹ 619,4.2 out of 5 stars,"3,724 ratings"
https://www.amazon.in/ADISA-BP004-Weight-Casual-Backpack/dp/B07G3CG9FC/ref=sr_1_64?crid=2M096C61O4MLT&keywords=bags&qid=1675245829&sprefix=ba%2Caps%2C283&sr=8-64,ADISA Laptop Backpack 31 Ltrs,₹ 499,4.0 out of 5 stars,"8,988 ratings"
https://www.amazon.in/Half-Moon-Waterproof-Laptop-Backpack/dp/B09QM9N1B3/ref=sr_1_63?crid=2M096C61O4MLT&keywords=bags&qid=1675245829&sprefix=ba%2Caps%2C283&sr=8-63,Half Moon 30L Waterproof 15.6 inch Laptop Office School College Bag Backpack for Men Women Boys & Girls,₹ 589,3.7 out of 5 stars,342 ratings
https://www.amazon.in/Wildcraft-Turnaround-Polyester-Laptop-8903340000000/dp/B012D4QWES/ref=sr_1_62?crid=2M096C61O4MLT&keywords=bags&qid=1675245829&sprefix=ba%2Caps%2C283&sr=8-62,Wildcraft Turnaround Polyester 14 inch 27 Ltrs Blue Laptop Bag (8903340000000),"₹ 1,695",4.3 out of 5 stars,"3,182 ratings"
https://www.amazon.in/WILD-MODA-Womens-Shoulder-Turquoise/dp/B099PLT91X/ref=sr_1_61?crid=2M096C61O4MLT&keywords=bags&qid=1675245829&sprefix=ba%2Caps%2C283&sr=8-61,"WILD MODA Women's Shoulder Bag, Set of 1",₹ 849,4.3 out of 5 stars,"3,312 ratings"
https://www.amazon.in/ADISA-BP005-Weight-Casual-Backpack/dp/B07F3X45WZ/ref=sr_1_58?crid=2M096C61O4MLT&keywords=bags&qid=1675245829&sprefix=ba%2Caps%2C283&sr=8-58,ADISA Light Weight Laptop Backpack 32 Ltrs,₹ 499,4.0 out of 5 stars,"5,544 ratings"
https://www.amazon.in/Step-Backpack-Small-Water-Repellant/dp/B088XG77KN/ref=sr_1_57?crid=2M096C61O4MLT&keywords=bags&qid=1675245829&sprefix=ba%2Caps%2C283&sr=8-57,"Mi Step Out 12 L Mini Backpack (Small Size, Red, Water Repellant)",₹ 299,4.1 out of 5 stars,"7,615 ratings"
https://www.amazon.in/F-Gear-Luxur-Brown-Backpack/dp/B01F7AX9ZA/ref=sr_1_56?crid=2M096C61O4MLT&keywords=bags&qid=1675245829&sprefix=ba%2Caps%2C283&sr=8-56,F Gear Luxur Brown 25 liter Laptop Backpack (2404),"₹ 1,032",4.4 out of 5 stars,"16,287 ratings"
https://www.amazon.in/Genie-Ltrs-School-Backpack-CAMELLIA17SBPIN/dp/B07QHMKHWH/ref=sr_1_55?crid=2M096C61O4MLT&keywords=bags&qid=1675245829&sprefix=ba%2Caps%2C283&sr=8-55,"Genie Camellia School Bag for Girls, 17 inch Backpack for Women, 3 compartments Water Resistant Stylish and Trendy College Backpacks for Girls",₹ 718.36,4.2 out of 5 stars,"2,862 ratings"
https://www.amazon.in/Baggit-Womens-Laptop-Bag-Large/dp/B0BNTL7Z7J/ref=sr_1_54?crid=2M096C61O4MLT&keywords=bags&qid=1675245829&sprefix=ba%2Caps%2C283&sr=8-54,Baggit Women's Laptop Bag - Large (Blue),₹ 987,5.0 out of 5 stars,1 rating
https://www.amazon.in/Gear-Polyester-Travel-Duffle-DUFCRSTNG0406/dp/B075MMWRW6/ref=sr_1_53?crid=2M096C61O4MLT&keywords=bags&qid=1675245829&sprefix=ba%2Caps%2C283&sr=8-53,Gear Polyester 74 Cms Duffle Bag(Dufcrstng0406_Grey),₹ 539,4.1 out of 5 stars,"15,910 ratings"
https://www.amazon.in/Bennett-Mystic-Shoulder-Messenger-Repellent/dp/B08X2T2M8G/ref=sr_1_52?crid=2M096C61O4MLT&keywords=bags&qid=1675245829&sprefix=ba%2Caps%2C283&sr=8-52,Bennett™ Mystic Formal Business Briefcase Bag Crossbody Messenger College Bags For Men Women MacBook INoteBook ITablet Laptop Upto 15.6 Inch | Handbags with Shoulder Straps (Blue) 6 Months Warranty,₹ 512,4.1 out of 5 stars,"4,855 ratings"
https://www.amazon.in/Number-Backpack-Compartment-Charging-Organizer/dp/B09VTCNN75/ref=sr_1_51?crid=2M096C61O4MLT&keywords=bags&qid=1675245829&sprefix=ba%2Caps%2C283&sr=8-51,"FUR JADEN Anti Theft Number Lock Backpack Bag with 15.6 Inch Laptop Compartment, USB Charging Port & Organizer Pocket for Men Women Boys Girls",₹ 689,3.9 out of 5 stars,"2,679 ratings"
https://www.amazon.in/Backpack-Business-Resistant-Computer-Notebook/dp/B07GLRSVNZ/ref=sr_1_52?crid=2M096C61O4MLT&keywords=bags&qid=1675245897&sprefix=ba%2Caps%2C283&sr=8-52,OPTIMA Laptop Backpack of OPT-262/263/273/274/1395/1396,₹ 399,3.9 out of 5 stars,"4,594 ratings"
https://www.amazon.in/Safari-Laptop-Backpack-Resistant-Fabric/dp/B09B25Z8M2/ref=sr_1_51?crid=2M096C61O4MLT&keywords=bags&qid=1675245897&sprefix=ba%2Caps%2C283&sr=8-51,"Safari Quill Laptop Backpack 26 Ltrs Water Resistant Fabric - Black, L (QUILL19CBBLK)",₹ 899,3.9 out of 5 stars,674 ratings
https://www.amazon.in/ZIPLINE-Polyester-Backpack-Children-Daypack/dp/B07XVMR33Q/ref=sr_1_50?crid=2M096C61O4MLT&keywords=bags&qid=1675245897&sprefix=ba%2Caps%2C283&sr=8-50,ZIPLINE Unisex Casual Polyester 36 L Backpack School Bag Women Men Boys Girls Children Daypack College Bag Book School Sports Bag Weekend Bag,₹ 843,4.0 out of 5 stars,"4,933 ratings"
https://www.amazon.in/Bagneeds-Synthetic-Leather-Briefcase-Messenger/dp/B0855F8174/ref=sr_1_49?crid=2M096C61O4MLT&keywords=bags&qid=1675245897&sprefix=ba%2Caps%2C283&sr=8-49,Bagneeds Men's Black Synthetic Leather Briefcase Best Laptop Messenger Bag Satchel for Men,₹ 664,4.1 out of 5 stars,"3,611 ratings"
https://www.amazon.in/F-Gear-String-Polyester-33-cms-Black-Drawstring-Gym-Bag/dp/B07PC28YQ9/ref=sr_1_48?crid=2M096C61O4MLT&keywords=bags&qid=1675245897&sprefix=ba%2Caps%2C283&sr=8-48,F Gear String 11 Ltrs Nylon Black Gym Bag,₹ 189,4.0 out of 5 stars,414 ratings
https://www.amazon.in/Baggit-Autumn-Winter-Leather-Womens-Handbag/dp/B08SCDTRKP/ref=sr_1_47?crid=2M096C61O4MLT&keywords=bags&qid=1675245897&sprefix=ba%2Caps%2C283&sr=8-47,Baggit Women Hobo Handbag (ROSE),₹ 595,4.2 out of 5 stars,176 ratings
https://www.amazon.in/Hilfiger-Joshua-Backpack-TH-JOSHUALAP01/dp/B07N8GRWTZ/ref=sr_1_46?crid=2M096C61O4MLT&keywords=bags&qid=1675245897&sprefix=ba%2Caps%2C283&sr=8-46,Tommy Hilfiger Joshua 15 inch 21 Ltrs Light Grey Laptop Backpack (TH/JOSHUALAP07),"₹ 1,919",3.9 out of 5 stars,363 ratings
https://www.amazon.in/Nivia-5177BK-Polyester-String-Black/dp/B071XM6PSM/ref=sr_1_45?crid=2M096C61O4MLT&keywords=bags&qid=1675245897&sprefix=ba%2Caps%2C283&sr=8-45,Nivia Polyester String Bag,₹ 139,4.1 out of 5 stars,966 ratings
https://www.amazon.in/Boldfit-Travel-Accessories-Purse-Mobile/dp/B0BJZQ3ZR9/ref=sr_1_42?crid=2M096C61O4MLT&keywords=bags&qid=1675245897&sprefix=ba%2Caps%2C283&sr=8-42,Boldfit Waist Bag for Men Travel Bag for Men Chest Bag for Men Travel Fanny Pack for Men Waist Bag for Women Side Bag for Men Travel Accessories / Pouch / Hand Purse. Mobile Bag / Money Bag - Black,₹ 399,4.9 out of 5 stars,274 ratings
https://www.amazon.in/AUXTER-BLACKY-Duffel-Emboss-Black/dp/B07F2H25NP/ref=sr_1_41?crid=2M096C61O4MLT&keywords=bags&qid=1675245897&sprefix=ba%2Caps%2C283&sr=8-41,Auxter Faux Leather 23 Cms Duffle Bag(Aux_Gb_Le_Black -Se__0521_Black),₹ 376,4.3 out of 5 stars,"8,797 ratings"
https://www.amazon.in/Priority-Spider-ltrs-School-Backpack/dp/B0849MZF6Q/ref=sr_1_40?crid=2M096C61O4MLT&keywords=bags&qid=1675245897&sprefix=ba%2Caps%2C283&sr=8-40,"Priority Disney Marvel Spiderman 25 litres Grey School Bag | Casual Backpack for Boys & Girls, Kid's Backpack",₹ 349,3.6 out of 5 stars,"6,181 ratings"
https://www.amazon.in/Nivia-5183-Polyester-Duffle-Medium/dp/B071KNXQ7Y/ref=sr_1_39?crid=2M096C61O4MLT&keywords=bags&qid=1675245897&sprefix=ba%2Caps%2C283&sr=8-39,NIVIA Beast Gym Bag-4 Polyester/Unisex Gym Bags/Shoulder Bag for Men & Women with Separate Shoes Compartment/Carry Gym Accessories/Fitness Bag/Sports & Travel Bag/Sports Kit (Black),₹ 529,4.2 out of 5 stars,"3,667 ratings"
https://www.amazon.in/DZert-School-Polyester-Backpack-White/dp/B07GXYHFCY/ref=sr_1_38?crid=2M096C61O4MLT&keywords=bags&qid=1675245897&sprefix=ba%2Caps%2C283&sr=8-38,DZert Clasy Laptop Bag College Bag for Boys Girls 21 L Blue White,₹ 299,3.8 out of 5 stars,"2,235 ratings"
https://www.amazon.in/Gear-Classic-Leather-Backpack-LBPCLSLTH0201/dp/B07G4F6XFH/ref=sr_1_37?crid=2M096C61O4MLT&keywords=bags&qid=1675245897&sprefix=ba%2Caps%2C283&sr=8-37,Gear Classic 20L Faux Leather Water Resistant Anti Theft Laptop Bag/Backpack for Men/Women-Brown,"₹ 1,049",4.4 out of 5 stars,"5,322 ratings"
https://www.amazon.in/Safari-Backpack-Resistant-Polyester-Travelling/dp/B09B29F66W/ref=sr_1_36?crid=2M096C61O4MLT&keywords=bags&qid=1675245897&sprefix=ba%2Caps%2C283&sr=8-36,"Safari Flash Casual Backpack, 26 ltr Water Resistant Travel Bags| Weight Polyester Bagpack for Men and Women, Spacious Shoulder Bag for College, Office, Travelling and Camping",₹ 699,3.9 out of 5 stars,"2,175 ratings"
https://www.amazon.in/Lavie-Sport-Duffle-Luggage-Trolley/dp/B097RJ22Q3/ref=sr_1_35?crid=2M096C61O4MLT&keywords=bags&qid=1675245897&sprefix=ba%2Caps%2C283&sr=8-35,Lavie Sport Lino Large Size 63 cms Wheel Duffle Bag for Travel | Travel Bag with Trolley,₹ 999,4.0 out of 5 stars,"5,776 ratings"
https://www.amazon.in/Polyester-Avengers-Captain-America-Backpack/dp/B01M7R5KMW/ref=sr_1_36?crid=2M096C61O4MLT&keywords=bags&qid=1675245958&sprefix=ba%2Caps%2C283&sr=8-36,AUXTER Red Polyester Avenger Captain America Shield school Bag casual Backpack Daypack,₹ 529,4.4 out of 5 stars,"3,275 ratings"
https://www.amazon.in/Safari-Spartan-Water-Resistant-Backpack/dp/B09B26MB5M/ref=sr_1_35?crid=2M096C61O4MLT&keywords=bags&qid=1675245958&sprefix=ba%2Caps%2C283&sr=8-35,"Safari Spartan 21 Ltrs Water Resistant Backpack - Blue, S (SPARTAN19CBBLU)",₹ 599,3.8 out of 5 stars,625 ratings
https://www.amazon.in/Genie-Glitter-Backpack-Women-compartments/dp/B097JHQH13/ref=sr_1_34?crid=2M096C61O4MLT&keywords=bags&qid=1675245958&sprefix=ba%2Caps%2C283&sr=8-34,"Genie Glitter Backpack for Women - 3 compartments, Laptop Bags for Girls, Stylish and Trendy College Backpacks for Girls, Water Resistant and Lightweight Bags for Office and Travelling Purpose.","₹ 1,099",4.3 out of 5 stars,299 ratings
https://www.amazon.in/Casual-Backpack-Charging-Laptop-Compartment/dp/B07J46KLFP/ref=sr_1_33?crid=2M096C61O4MLT&keywords=bags&qid=1675245958&sprefix=ba%2Caps%2C283&sr=8-33,"Fur Jaden 15.6 Inch Laptop Backpack 25 LTR Bag for School, College and Office with USB Charging Port",₹ 489,3.9 out of 5 stars,"9,815 ratings"
https://www.amazon.in/Wesley-Milestone-Waterproof-Backpack-Business/dp/B07K8KLB3P/ref=sr_1_32?crid=2M096C61O4MLT&keywords=bags&qid=1675245958&sprefix=ba%2Caps%2C283&sr=8-32,"Wesley Unisex Milestone Casual Waterproof Laptop Office School College Business Travel Backpack 25 L (Dimensions: 12.5x18 inches) (Compatible with 15.6 inch laptops), Navy Blue",₹ 498,4.3 out of 5 stars,"12,099 ratings"
https://www.amazon.in/POLESTAR-Vintage-Laptop-Backpack-bagpack/dp/B081GSQ9D9/ref=sr_1_31?crid=2M096C61O4MLT&keywords=bags&qid=1675245958&sprefix=ba%2Caps%2C283&sr=8-31,"POLESTAR Vintage 15.6 inch 32 LTR Casual Laptop Backpack/Office Bag/School Bag/College Bag/Business Bag/Unisex Backpack , Water Resistant and Light Weight, 1 year Warranty",₹ 549,3.9 out of 5 stars,"8,338 ratings"
https://www.amazon.in/Half-Moon-Backpack-Luggage-Compartment/dp/B09VCLZ3K4/ref=sr_1_30?crid=2M096C61O4MLT&keywords=bags&qid=1675245958&sprefix=ba%2Caps%2C283&sr=8-30,Half Moon Large 37L Laptop Bag Backpack for menं Women Boys and Girls Luggage Travel Bags with 17.3 inches Laptop Compartment & Rain Cover,₹ 849,3.9 out of 5 stars,"2,122 ratings"
https://www.amazon.in/Nivia-6853-Polyester-Basic-Duffle/dp/B07FWQ9HRV/ref=sr_1_29?crid=2M096C61O4MLT&keywords=bags&qid=1675245958&sprefix=ba%2Caps%2C283&sr=8-29,NIVIA Basic Duffle Polyester Bag/Gym Bags/Adjustable Shoulder Bag for Men/Duffle Gym Bags for Men/Fitness Bag/Carry Bags/Sports & Travel Bag/Sports Kit/Duffle Bags Travel,₹ 239,4.0 out of 5 stars,"1,983 ratings"
https://www.amazon.in/Gear-Beige-Casual-Backpack-BKPTRMP520522/dp/B00VWM11HQ/ref=sr_1_26?crid=2M096C61O4MLT&keywords=bags&qid=1675245958&sprefix=ba%2Caps%2C283&sr=8-26,Gear Triumph 26L Water Resistant School Bag//Backpack/College Bag for Men/Women - Navy Blue,₹ 797,4.2 out of 5 stars,"5,371 ratings"
https://www.amazon.in/Step-Backpack-Small-Water-Repellant/dp/B088XH1BP7/ref=sr_1_25?crid=2M096C61O4MLT&keywords=bags&qid=1675245958&sprefix=ba%2Caps%2C283&sr=8-25,"Mi Step Out 12 L Mini Backpack (Small Size, Dark Blue, Water Repellant)",₹ 299,4.1 out of 5 stars,"7,615 ratings"
https://www.amazon.in/AirCase-C34-Laptop-Backpack-Women/dp/B07QN4KXWG/ref=sr_1_24?crid=2M096C61O4MLT&keywords=bags&qid=1675245958&sprefix=ba%2Caps%2C283&sr=8-24,AirCase C34- 13 Inch/ 14 Inch/15.6 Inch Premium Vegan Leather Laptop Backpack for Men & Women (Black)- 25 Ltrs,₹ 999,3.9 out of 5 stars,709 ratings
https://www.amazon.in/Half-Moon-Spacious-Backpack-Compartment/dp/B0BLVQ9NTD/ref=sr_1_23?crid=2M096C61O4MLT&keywords=bags&qid=1675245958&sprefix=ba%2Caps%2C283&sr=8-23,Half Moon Strike 35L Unisex Spacious School/ Laptop/ College/ Office Travel Backpack Bag for Men Women Boys & Girls with 15.6 inch Padded Laptop Compartment & Multiple Pockets,₹ 699,3.6 out of 5 stars,43 ratings
https://www.amazon.in/Inovera-Label-Women-Handbags-Shoulder/dp/B08CMQD4BC/ref=sr_1_22?crid=2M096C61O4MLT&keywords=bags&qid=1675245958&sprefix=ba%2Caps%2C283&sr=8-22,"INOVERA Faux Leather Women Handbags Shoulder Hobo Bag Purse With Long Strap, 32L x 13B x 30H cm","₹ 1,399",4.1 out of 5 stars,"6,789 ratings"
https://www.amazon.in/Skybags-Polypropylene-Cms-Travel-DFACN1BLU_Blue/dp/B0B6CH21F9/ref=sr_1_21?crid=2M096C61O4MLT&keywords=bags&qid=1675245958&sprefix=ba%2Caps%2C283&sr=8-21,Skybags Polypropylene 46 Cms Travel Bag(DFACN1BLU_Blue),₹ 564,4.0 out of 5 stars,23 ratings
https://www.amazon.in/WILDHORN-Backpack-Compartment-Business-Stitching/dp/B09QL66G55/ref=sr_1_20?crid=2M096C61O4MLT&keywords=bags&qid=1675245958&sprefix=ba%2Caps%2C283&sr=8-20,"WILDHORN 31L Laptop Backpack for Men / Women I Fits upto 15.6"" Laptop I Waterproof I Travel / Business / College Bookbags",₹ 599,4.1 out of 5 stars,693 ratings
https://www.amazon.in/Half-Moon-Backpack-Compartment-Reflective/dp/B0BJ32LQ6X/ref=sr_1_19?crid=2M096C61O4MLT&keywords=bags&qid=1675245958&sprefix=ba%2Caps%2C283&sr=8-19,Half Moon Large 37L Laptop Bag Backpack for menं Women Boys and Girls Luggage Travel Bags with 17.3 inches Laptop Compartment & Rain Cover,₹ 849,3.9 out of 5 stars,"2,122 ratings"
https://www.amazon.in/Backpack-Small-Black-Water-Repellant/dp/B088XB5XY8/ref=sr_1_20?crid=2M096C61O4MLT&keywords=bags&qid=1675246022&sprefix=ba%2Caps%2C283&sr=8-20,"Mi Step Out 12 L Mini Backpack (Small Size, Black, Water Repellant)",₹ 356,4.1 out of 5 stars,"7,615 ratings"
https://www.amazon.in/GEAR-Black-Blue-Backpack-years/dp/B019HA8AYG/ref=sr_1_19?crid=2M096C61O4MLT&keywords=bags&qid=1675246022&sprefix=ba%2Caps%2C283&sr=8-19,Gear CarryOn 16L Foldable Water Resistant School Bag//Backpack/College Bag for Men/Women - Blue Black,₹ 249,3.7 out of 5 stars,"5,918 ratings"
https://www.amazon.in/SFANE-Duffel-Shoulder-Women-Compartment/dp/B07XXFB9CZ/ref=sr_1_18?crid=2M096C61O4MLT&keywords=bags&qid=1675246022&sprefix=ba%2Caps%2C283&sr=8-18,Sfane polyester 23 cms Duffle Bag(BG - 05 HALF LTSHOE COMPTT_grey),₹ 377,4.3 out of 5 stars,"6,308 ratings"
https://www.amazon.in/Lunars-Bingo-Laptop-Resistant-48L/dp/B08YZ8FFBZ/ref=sr_1_17?crid=2M096C61O4MLT&keywords=bags&qid=1675246022&sprefix=ba%2Caps%2C283&sr=8-17,Lunar's Bingo - 48 L Laptop Office/School/Travel/Business Backpack Water Resistant - Fits Up to 15.6 Inch Laptop Notebook with 1 Year Warranty,₹ 899,3.9 out of 5 stars,"8,750 ratings"
https://www.amazon.in/Wesley-Spartan-Hiking-Raincover-Organiser/dp/B098QFF5TJ/ref=sr_1_16?crid=2M096C61O4MLT&keywords=bags&qid=1675246022&sprefix=ba%2Caps%2C283&sr=8-16,Wesley Spartan Unisex Travel Hiking Laptop Bag fits Upto 17.3 inch with Raincover and Internal Organiser Backpack Rucksack College Bag,₹ 798,4.1 out of 5 stars,911 ratings
https://www.amazon.in/Gear-Black-Laptop-Backpack-LBPASPIRE0104/dp/B075MK4TXP/ref=sr_1_15?crid=2M096C61O4MLT&keywords=bags&qid=1675246022&sprefix=ba%2Caps%2C283&sr=8-15,Gear Aspire 30L Water Restant Office Laptop Bag/Backpack for Men/Women/(Black),"₹ 1,246",4.3 out of 5 stars,"4,870 ratings"
https://www.amazon.in/Half-Moon-Waterproof-Backpack-Students/dp/B085MHDJ93/ref=sr_1_14?crid=2M096C61O4MLT&keywords=bags&qid=1675246022&sprefix=ba%2Caps%2C283&sr=8-14,Half Moon 35 ltrs (33 cms)backpack(Navy Laptop Bags_navy blue),₹ 689,3.9 out of 5 stars,"14,900 ratings"
https://www.amazon.in/Kleider-Travel-Business-Messenger-Shoulder/dp/B084ZHP97M/ref=sr_1_13?crid=2M096C61O4MLT&keywords=bags&qid=1675246022&sprefix=ba%2Caps%2C283&sr=8-13,DEIN KLEIDER Men's Nylon Messenger Bag,₹ 349,4.0 out of 5 stars,"4,394 ratings"
https://www.amazon.in/Number-Backpack-Compartment-Charging-Organizer/dp/B09VTDMRY7/ref=sr_1_10?crid=2M096C61O4MLT&keywords=bags&qid=1675246022&sprefix=ba%2Caps%2C283&sr=8-10,"FUR JADEN Anti Theft Number Lock Backpack Bag with 15.6 Inch Laptop Compartment, USB Charging Port & Organizer Pocket for Men Women Boys Girls",₹ 689,3.9 out of 5 stars,"2,679 ratings"
https://www.amazon.in/Wesley-Milestone-Waterproof-Backpack-Business/dp/B085S444JV/ref=sr_1_9?crid=2M096C61O4MLT&keywords=bags&qid=1675246022&sprefix=ba%2Caps%2C283&sr=8-9,"Wesley Milestone 2.0 Casual Waterproof Laptop Backpack/Office Bag/School Bag/College Bag/Business Bag/Travel Backpack (Dimensions:13x18 inches) (Compatible with 39.62cm(15.6inch laptop) 30 L, Charcoal black",₹ 565,4.3 out of 5 stars,"9,212 ratings"
https://www.amazon.in/FUR-JADEN-Leatherette-Polypropylene-DUFF05/dp/B07M9BRCQ5/ref=sr_1_8?crid=2M096C61O4MLT&keywords=bags&qid=1675246022&sprefix=ba%2Caps%2C283&sr=8-8,Fur Jaden Brown Textured Leatherette Stylish & Spacious Weekender Duffle Bag for Travel,₹ 889,4.3 out of 5 stars,"5,307 ratings"
https://www.amazon.in/Northzone-Waterproof-Backpack-Business-Dimensions/dp/B0BS6QQZYN/ref=sr_1_7?crid=2M096C61O4MLT&keywords=bags&qid=1675246022&sprefix=ba%2Caps%2C283&sr=8-7,Northzone Casual Waterproof Laptop Backpack/Office Bag/School Bag/College Bag/Business Bag/Travel Backpack (Dimensions:13x18 inches) (Compatible with 39.62cm(15.6inch laptop) 30 L,₹ 510,5.0 out of 5 stars,2 ratings
https://www.amazon.in/ADISA-Laptop-Backpack-Office-College/dp/B09TPX22NF/ref=sr_1_6?crid=2M096C61O4MLT&keywords=bags&qid=1675246022&sprefix=ba%2Caps%2C283&sr=8-6,ADISA 15.6 inch Laptop Backpack Office Bag College Travel Back Pack 32 Ltrs (z-Navy Blue),₹ 499,3.9 out of 5 stars,461 ratings
https://www.amazon.in/Skybags-Brat-Black-Casual-Backpack/dp/B08Z1HHHTD/ref=sr_1_5?crid=2M096C61O4MLT&keywords=bags&qid=1675246022&sprefix=ba%2Caps%2C283&sr=8-5,Skybags Brat Black 46 Cms Casual Backpack,₹ 669,4.1 out of 5 stars,"3,361 ratings"
https://www.amazon.in/American-Tourister-AMT-SCH-02/dp/B07CJCGM1M/ref=sr_1_4?crid=2M096C61O4MLT&keywords=bags&qid=1675246022&sprefix=ba%2Caps%2C283&sr=8-4,American Tourister 32 Ltrs Black Casual Backpack (AMT FIZZ SCH BAG 02 - BLACK),"₹ 1,299",4.1 out of 5 stars,"51,338 ratings"
https://www.amazon.in/Wesley-Milestone-Waterproof-Backpack-Business/dp/B084JGJ8PF/ref=sr_1_3?crid=2M096C61O4MLT&keywords=bags&qid=1675246022&sprefix=ba%2Caps%2C283&sr=8-3,Wesley Milestone 2.0 Casual Waterproof Laptop Backpack/Office Bag/School Bag/College Bag/Business Bag/Travel Backpack (Dimensions:13x18 inches) (Compatible with 39.62cm(15.6inch laptop) 30 L (Blue & black),₹ 565,4.3 out of 5 stars,"9,212 ratings"
